Ticker,ExitPrice,Notes
SPY,205.8999938964844,RSI2 exit
SPY,202.05999755859372,RSI2 exit
SPY,203.0800018310547,RSI2 exit
SPY,206.1000061035156,RSI2 exit
SPY,205.4499969482422,RSI2 exit
SPY,204.83999633789065,RSI2 exit
SPY,206.1199951171875,RSI2 exit
SPY,206.80999755859372,RSI2 exit
SPY,206.92999267578125,RSI2 exit
SPY,208.9199981689453,RSI2 exit
SPY,209.77999877929688,RSI2 exit
SPY,210.1100006103516,RSI2 exit
SPY,210.1300048828125,RSI2 exit
SPY,211.2400054931641,RSI2 exit
SPY,211.2100067138672,RSI2 exit
SPY,211.80999755859372,RSI2 exit
SPY,211.6300048828125,RSI2 exit
SPY,211.9900054931641,RSI2 exit
SPY,208.5800018310547,RSI2 exit
SPY,210.4600067138672,RSI2 exit
SPY,210.41000366210935,RSI2 exit
SPY,208.25,RSI2 exit
SPY,207.8300018310547,RSI2 exit
SPY,207.97999572753903,RSI2 exit
SPY,208.8999938964844,RSI2 exit
SPY,210.0399932861328,RSI2 exit
SPY,210.42999267578125,RSI2 exit
SPY,210.3699951171875,RSI2 exit
SPY,210.6300048828125,RSI2 exit
SPY,211.16000366210935,RSI2 exit
SPY,211.6499938964844,RSI2 exit
SPY,211.32000732421875,RSI2 exit
SPY,211.6199951171875,RSI2 exit
SPY,212.2100067138672,RSI2 exit
SPY,212.44000244140625,RSI2 exit
SPY,213.1000061035156,RSI2 exit
SPY,213.02999877929688,RSI2 exit
SPY,213.5,RSI2 exit
SPY,210.9499969482422,RSI2 exit
SPY,211.6300048828125,RSI2 exit
SPY,212.77999877929688,RSI2 exit
SPY,208.0200042724609,RSI2 exit
SPY,207.47999572753903,RSI2 exit
SPY,209.7700042724609,RSI2 exit
SPY,210.67999267578125,RSI2 exit
SPY,210.6100006103516,RSI2 exit
SPY,212.3000030517578,RSI2 exit
SPY,212.47999572753903,RSI2 exit
SPY,212.58999633789065,RSI2 exit
SPY,210.7700042724609,RSI2 exit
SPY,210.82000732421875,RSI2 exit
SPY,210.57000732421875,RSI2 exit
SPY,209.4199981689453,RSI2 exit
SPY,210.58999633789065,RSI2 exit
SPY,199.2700042724609,RSI2 exit
SPY,199.27999877929688,RSI2 exit
SPY,197.42999267578125,RSI2 exit
SPY,198.4600067138672,RSI2 exit
SPY,200.17999267578125,RSI2 exit
SPY,199.72999572753903,RSI2 exit
SPY,191.6300048828125,RSI2 exit
SPY,192.1300048828125,RSI2 exit
SPY,195.0,RSI2 exit
SPY,198.47000122070312,RSI2 exit
SPY,197.7899932861328,RSI2 exit
SPY,199.41000366210935,RSI2 exit
SPY,201.2100067138672,RSI2 exit
SPY,201.3300018310547,RSI2 exit
SPY,201.5200042724609,RSI2 exit
SPY,202.3500061035156,RSI2 exit
SPY,203.2700042724609,RSI2 exit
SPY,203.3699951171875,RSI2 exit
SPY,205.25999450683597,RSI2 exit
SPY,207.50999450683597,RSI2 exit
SPY,207.0,RSI2 exit
SPY,208.9499969482422,RSI2 exit
SPY,208.8300018310547,RSI2 exit
SPY,210.38999938964844,RSI2 exit
SPY,211.0,RSI2 exit
SPY,208.72999572753903,RSI2 exit
SPY,208.5500030517578,RSI2 exit
SPY,209.30999755859372,RSI2 exit
SPY,209.07000732421875,RSI2 exit
SPY,209.3500061035156,RSI2 exit
SPY,209.32000732421875,RSI2 exit
SPY,209.55999755859372,RSI2 exit
SPY,210.67999267578125,RSI2 exit
SPY,208.02999877929688,RSI2 exit
SPY,206.0200042724609,RSI2 exit
SPY,205.67999267578125,RSI2 exit
SPY,207.3999938964844,RSI2 exit
SPY,190.5200042724609,RSI2 exit
SPY,193.72000122070312,RSI2 exit
SPY,193.6499938964844,RSI2 exit
SPY,186.6300048828125,RSI2 exit
SPY,189.77999877929688,RSI2 exit
SPY,192.8800048828125,RSI2 exit
SPY,192.08999633789065,RSI2 exit
SPY,192.0,RSI2 exit
SPY,194.77999877929688,RSI2 exit
SPY,195.5399932861328,RSI2 exit
SPY,198.1100006103516,RSI2 exit
SPY,199.0,RSI2 exit
SPY,199.77999877929688,RSI2 exit
SPY,200.42999267578125,RSI2 exit
SPY,200.58999633789065,RSI2 exit
SPY,202.75999450683597,RSI2 exit
SPY,202.5,RSI2 exit
SPY,203.33999633789065,RSI2 exit
SPY,204.6300048828125,RSI2 exit
SPY,204.3800048828125,RSI2 exit
SPY,204.6699981689453,RSI2 exit
SPY,205.1199951171875,RSI2 exit
SPY,206.0200042724609,RSI2 exit
SPY,206.9199981689453,RSI2 exit
SPY,205.9199981689453,RSI2 exit
SPY,208.0,RSI2 exit
SPY,208.00999450683597,RSI2 exit
SPY,207.77999877929688,RSI2 exit
SPY,209.2400054931641,RSI2 exit
SPY,209.8999938964844,RSI2 exit
SPY,210.1000061035156,RSI2 exit
SPY,209.3500061035156,RSI2 exit
SPY,208.4499969482422,RSI2 exit
SPY,207.8699951171875,RSI2 exit
SPY,209.27999877929688,RSI2 exit
SPY,209.33999633789065,RSI2 exit
SPY,210.2400054931641,RSI2 exit
SPY,210.2700042724609,RSI2 exit
SPY,210.91000366210935,RSI2 exit
SPY,211.3500061035156,RSI2 exit
SPY,211.67999267578125,RSI2 exit
SPY,212.3699951171875,RSI2 exit
SPY,208.44000244140625,RSI2 exit
SPY,210.80999755859372,RSI2 exit
SPY,206.66000366210935,RSI2 exit
SPY,209.47999572753903,RSI2 exit
SPY,209.9199981689453,RSI2 exit
SPY,209.66000366210935,RSI2 exit
SPY,212.6499938964844,RSI2 exit
SPY,213.3999938964844,RSI2 exit
SPY,214.9499969482422,RSI2 exit
SPY,214.9199981689453,RSI2 exit
SPY,216.1199951171875,RSI2 exit
SPY,215.8300018310547,RSI2 exit
SPY,216.41000366210935,RSI2 exit
SPY,217.08999633789065,RSI2 exit
SPY,217.2400054931641,RSI2 exit
SPY,217.1199951171875,RSI2 exit
SPY,218.17999267578125,RSI2 exit
SPY,218.0500030517578,RSI2 exit
SPY,218.17999267578125,RSI2 exit
SPY,218.6499938964844,RSI2 exit
SPY,219.08999633789065,RSI2 exit
SPY,218.8600006103516,RSI2 exit
SPY,218.97000122070312,RSI2 exit
SPY,218.3600006103516,RSI2 exit
SPY,218.3699951171875,RSI2 exit
SPY,219.02999877929688,RSI2 exit
SPY,219.00999450683597,RSI2 exit
SPY,215.82000732421875,RSI2 exit
SPY,217.17999267578125,RSI2 exit
SPY,216.63999938964844,RSI2 exit
SPY,216.16000366210935,RSI2 exit
SPY,213.7100067138672,RSI2 exit
SPY,214.27999877929688,RSI2 exit
SPY,214.88999938964844,RSI2 exit
SPY,213.1499938964844,RSI2 exit
SPY,214.1100006103516,RSI2 exit
SPY,216.3800048828125,RSI2 exit
SPY,216.9199981689453,RSI2 exit
SPY,216.58999633789065,RSI2 exit
SPY,218.27999877929688,RSI2 exit
SPY,218.9900054931641,RSI2 exit
SPY,220.1499938964844,RSI2 exit
SPY,220.5800018310547,RSI2 exit
SPY,220.6999969482422,RSI2 exit
SPY,221.5200042724609,RSI2 exit
SPY,221.0,RSI2 exit
SPY,221.6999969482422,RSI2 exit
SPY,224.6000061035156,RSI2 exit
SPY,225.1499938964844,RSI2 exit
SPY,226.50999450683597,RSI2 exit
SPY,226.25,RSI2 exit
SPY,227.75999450683597,RSI2 exit
SPY,226.2700042724609,RSI2 exit
SPY,225.2400054931641,RSI2 exit
SPY,226.5800018310547,RSI2 exit
SPY,226.3999938964844,RSI2 exit
SPY,227.2100067138672,RSI2 exit
SPY,227.1000061035156,RSI2 exit
SPY,227.6000061035156,RSI2 exit
SPY,229.57000732421875,RSI2 exit
SPY,229.3300018310547,RSI2 exit
SPY,229.33999633789065,RSI2 exit
SPY,229.2400054931641,RSI2 exit
SPY,230.6000061035156,RSI2 exit
SPY,231.50999450683597,RSI2 exit
SPY,232.7700042724609,RSI2 exit
SPY,233.6999969482422,RSI2 exit
SPY,234.9199981689453,RSI2 exit
SPY,234.72000122070312,RSI2 exit
SPY,235.08999633789065,RSI2 exit
SPY,236.4900054931641,RSI2 exit
SPY,236.27999877929688,RSI2 exit
SPY,236.44000244140625,RSI2 exit
SPY,236.7400054931641,RSI2 exit
SPY,237.1100006103516,RSI2 exit
SPY,239.77999877929688,RSI2 exit
SPY,237.69000244140625,RSI2 exit
SPY,237.80999755859372,RSI2 exit
SPY,238.9499969482422,RSI2 exit
SPY,235.32000732421875,RSI2 exit
SPY,235.5399932861328,RSI2 exit
SPY,236.2899932861328,RSI2 exit
SPY,235.33999633789065,RSI2 exit
SPY,237.1699981689453,RSI2 exit
SPY,238.5500030517578,RSI2 exit
SPY,238.3999938964844,RSI2 exit
SPY,238.6000061035156,RSI2 exit
SPY,238.67999267578125,RSI2 exit
SPY,238.7700042724609,RSI2 exit
SPY,239.6999969482422,RSI2 exit
SPY,239.66000366210935,RSI2 exit
SPY,239.8699951171875,RSI2 exit
SPY,240.3000030517578,RSI2 exit
SPY,239.5200042724609,RSI2 exit
SPY,240.0500030517578,RSI2 exit
SPY,240.6100006103516,RSI2 exit
SPY,241.75999450683597,RSI2 exit
SPY,241.7100067138672,RSI2 exit
SPY,243.3600006103516,RSI2 exit
SPY,244.1699981689453,RSI2 exit
SPY,243.9900054931641,RSI2 exit
SPY,244.5500030517578,RSI2 exit
SPY,244.66000366210935,RSI2 exit
SPY,242.7700042724609,RSI2 exit
SPY,244.00999450683597,RSI2 exit
SPY,244.4199981689453,RSI2 exit
SPY,245.55999755859372,RSI2 exit
SPY,245.52999877929688,RSI2 exit
SPY,245.66000366210935,RSI2 exit
SPY,246.9900054931641,RSI2 exit
SPY,247.1000061035156,RSI2 exit
SPY,247.4199981689453,RSI2 exit
SPY,247.42999267578125,RSI2 exit
SPY,247.32000732421875,RSI2 exit
SPY,247.44000244140625,RSI2 exit
SPY,247.8699951171875,RSI2 exit
SPY,246.5399932861328,RSI2 exit
SPY,246.50999450683597,RSI2 exit
SPY,246.94000244140625,RSI2 exit
SPY,245.44000244140625,RSI2 exit
SPY,244.8500061035156,RSI2 exit
SPY,246.00999450683597,RSI2 exit
SPY,247.4900054931641,RSI2 exit
SPY,247.83999633789065,RSI2 exit
SPY,249.2100067138672,RSI2 exit
SPY,250.0500030517578,RSI2 exit
SPY,250.1699981689453,RSI2 exit
SPY,250.08999633789065,RSI2 exit
SPY,249.97000122070312,RSI2 exit
SPY,250.05999755859372,RSI2 exit
SPY,250.0500030517578,RSI2 exit
SPY,250.3500061035156,RSI2 exit
SPY,251.22999572753903,RSI2 exit
SPY,252.32000732421875,RSI2 exit
SPY,252.8600006103516,RSI2 exit
SPY,253.16000366210935,RSI2 exit
SPY,254.66000366210935,RSI2 exit
SPY,254.3699951171875,RSI2 exit
SPY,254.6199951171875,RSI2 exit
SPY,255.0200042724609,RSI2 exit
SPY,255.2899932861328,RSI2 exit
SPY,255.47000122070312,RSI2 exit
SPY,255.72000122070312,RSI2 exit
SPY,255.7899932861328,RSI2 exit
SPY,257.1099853515625,RSI2 exit
SPY,257.7099914550781,RSI2 exit
SPY,257.489990234375,RSI2 exit
SPY,257.5899963378906,RSI2 exit
SPY,258.45001220703125,RSI2 exit
SPY,258.8500061035156,RSI2 exit
SPY,258.6700134277344,RSI2 exit
SPY,259.1099853515625,RSI2 exit
SPY,258.6199951171875,RSI2 exit
SPY,259.989990234375,RSI2 exit
SPY,259.760009765625,RSI2 exit
SPY,260.3599853515625,RSI2 exit
SPY,260.2300109863281,RSI2 exit
SPY,262.8699951171875,RSI2 exit
SPY,262.7099914550781,RSI2 exit
SPY,265.010009765625,RSI2 exit
SPY,264.4599914550781,RSI2 exit
SPY,264.07000732421875,RSI2 exit
SPY,265.510009765625,RSI2 exit
SPY,266.3099975585937,RSI2 exit
SPY,266.7799987792969,RSI2 exit
SPY,266.75,RSI2 exit
SPY,268.20001220703125,RSI2 exit
SPY,267.8699951171875,RSI2 exit
SPY,268.7699890136719,RSI2 exit
SPY,270.4700012207031,RSI2 exit
SPY,271.6099853515625,RSI2 exit
SPY,273.4200134277344,RSI2 exit
SPY,273.9200134277344,RSI2 exit
SPY,274.5400085449219,RSI2 exit
SPY,276.1199951171875,RSI2 exit
SPY,277.9200134277344,RSI2 exit
SPY,279.6099853515625,RSI2 exit
SPY,279.1400146484375,RSI2 exit
SPY,280.4100036621094,RSI2 exit
SPY,282.69000244140625,RSI2 exit
SPY,283.2900085449219,RSI2 exit
SPY,283.17999267578125,RSI2 exit
SPY,283.29998779296875,RSI2 exit
SPY,286.5799865722656,RSI2 exit
SPY,266.0,RSI2 exit
SPY,269.5899963378906,RSI2 exit
SPY,273.0299987792969,RSI2 exit
SPY,273.1099853515625,RSI2 exit
SPY,274.7099914550781,RSI2 exit
SPY,277.8999938964844,RSI2 exit
SPY,272.19000244140625,RSI2 exit
SPY,272.8800048828125,RSI2 exit
SPY,272.7799987792969,RSI2 exit
SPY,274.1000061035156,RSI2 exit
SPY,278.8699951171875,RSI2 exit
SPY,278.5199890136719,RSI2 exit
SPY,263.5599975585937,RSI2 exit
SPY,265.6400146484375,RSI2 exit
SPY,265.1499938964844,RSI2 exit
SPY,265.92999267578125,RSI2 exit
SPY,267.3299865722656,RSI2 exit
SPY,270.19000244140625,RSI2 exit
SPY,270.3900146484375,RSI2 exit
SPY,266.3099975585937,RSI2 exit
SPY,266.5599975585937,RSI2 exit
SPY,266.0199890136719,RSI2 exit
SPY,266.9200134277344,RSI2 exit
SPY,266.9200134277344,RSI2 exit
SPY,269.5,RSI2 exit
SPY,272.0199890136719,RSI2 exit
SPY,272.8500061035156,RSI2 exit
SPY,272.9800109863281,RSI2 exit
SPY,273.3699951171875,RSI2 exit
SPY,273.3599853515625,RSI2 exit
SPY,273.6000061035156,RSI2 exit
SPY,274.8999938964844,RSI2 exit
SPY,275.1000061035156,RSI2 exit
SPY,277.3999938964844,RSI2 exit
SPY,277.3699951171875,RSI2 exit
SPY,278.19000244140625,RSI2 exit
SPY,278.5599975585937,RSI2 exit
SPY,278.9200134277344,RSI2 exit
SPY,271.8599853515625,RSI2 exit
SPY,273.1099853515625,RSI2 exit
SPY,275.4200134277344,RSI2 exit
SPY,277.8999938964844,RSI2 exit
SPY,278.8999938964844,RSI2 exit
SPY,279.3699951171875,RSI2 exit
SPY,279.5899963378906,RSI2 exit
SPY,280.4700012207031,RSI2 exit
SPY,281.0599975585937,RSI2 exit
SPY,281.6099853515625,RSI2 exit
SPY,284.010009765625,RSI2 exit
SPY,282.3900146484375,RSI2 exit
SPY,283.6000061035156,RSI2 exit
SPY,284.6400146484375,RSI2 exit
SPY,285.5799865722656,RSI2 exit
SPY,285.4599914550781,RSI2 exit
SPY,285.0599975585937,RSI2 exit
SPY,285.6700134277344,RSI2 exit
SPY,286.3399963378906,RSI2 exit
SPY,286.1700134277344,RSI2 exit
SPY,287.510009765625,RSI2 exit
SPY,289.7799987792969,RSI2 exit
SPY,289.9200134277344,RSI2 exit
SPY,291.4800109863281,RSI2 exit
SPY,289.04998779296875,RSI2 exit
SPY,289.1199951171875,RSI2 exit
SPY,290.8299865722656,RSI2 exit
SPY,290.8800048828125,RSI2 exit
SPY,290.9100036621094,RSI2 exit
SPY,291.2200012207031,RSI2 exit
SPY,293.5799865722656,RSI2 exit
SPY,291.7300109863281,RSI2 exit
SPY,291.5599975585937,RSI2 exit
SPY,291.7200012207031,RSI2 exit
SPY,280.3999938964844,RSI2 exit
SPY,280.45001220703125,RSI2 exit
SPY,270.6300048828125,RSI2 exit
SPY,273.510009765625,RSI2 exit
SPY,273.3900146484375,RSI2 exit
SPY,275.1199951171875,RSI2 exit
SPY,281.010009765625,RSI2 exit
SPY,280.5,RSI2 exit
SPY,267.5,RSI2 exit
SPY,268.3999938964844,RSI2 exit
SPY,274.5799865722656,RSI2 exit
SPY,273.9800109863281,RSI2 exit
SPY,275.6499938964844,RSI2 exit
SPY,279.29998779296875,RSI2 exit
SPY,248.07000732421875,RSI2 exit
SPY,249.9199981689453,RSI2 exit
SPY,250.17999267578125,RSI2 exit
SPY,252.38999938964844,RSI2 exit
SPY,254.3800048828125,RSI2 exit
SPY,256.7699890136719,RSI2 exit
SPY,257.9700012207031,RSI2 exit
SPY,258.8800048828125,RSI2 exit
SPY,258.9800109863281,RSI2 exit
SPY,260.3500061035156,RSI2 exit
SPY,260.9800109863281,RSI2 exit
SPY,262.9599914550781,RSI2 exit
SPY,266.4599914550781,RSI2 exit
SPY,265.7799987792969,RSI2 exit
SPY,267.5799865722656,RSI2 exit
SPY,269.92999267578125,RSI2 exit
SPY,270.0599975585937,RSI2 exit
SPY,271.9599914550781,RSI2 exit
SPY,273.1000061035156,RSI2 exit
SPY,272.739990234375,RSI2 exit
SPY,274.1000061035156,RSI2 exit
SPY,274.989990234375,RSI2 exit
SPY,277.3699951171875,RSI2 exit
SPY,277.8500061035156,RSI2 exit
SPY,278.4100036621094,RSI2 exit
SPY,279.1400146484375,RSI2 exit
SPY,279.5199890136719,RSI2 exit
SPY,280.4200134277344,RSI2 exit
SPY,278.44000244140625,RSI2 exit
SPY,279.489990234375,RSI2 exit
SPY,281.3399963378906,RSI2 exit
SPY,281.1600036621094,RSI2 exit
SPY,281.3099975585937,RSI2 exit
SPY,282.3299865722656,RSI2 exit
SPY,282.3999938964844,RSI2 exit
SPY,284.7300109863281,RSI2 exit
SPY,282.4800109863281,RSI2 exit
SPY,285.8299865722656,RSI2 exit
SPY,285.9700012207031,RSI2 exit
SPY,286.4200134277344,RSI2 exit
SPY,287.17999267578125,RSI2 exit
SPY,288.57000732421875,RSI2 exit
SPY,288.7900085449219,RSI2 exit
SPY,290.1600036621094,RSI2 exit
SPY,289.9700012207031,RSI2 exit
SPY,290.1600036621094,RSI2 exit
SPY,290.2699890136719,RSI2 exit
SPY,292.8800048828125,RSI2 exit
SPY,293.4100036621094,RSI2 exit
SPY,293.8699951171875,RSI2 exit
SPY,294.0199890136719,RSI2 exit
SPY,294.0299987792969,RSI2 exit
SPY,287.70001220703125,RSI2 exit
SPY,280.5299987792969,RSI2 exit
SPY,282.9599914550781,RSI2 exit
SPY,284.79998779296875,RSI2 exit
SPY,287.6499938964844,RSI2 exit
SPY,288.9700012207031,RSI2 exit
SPY,288.8999938964844,RSI2 exit
SPY,289.5799865722656,RSI2 exit
SPY,292.3999938964844,RSI2 exit
SPY,293.0599975585937,RSI2 exit
SPY,295.8599853515625,RSI2 exit
SPY,293.0,RSI2 exit
SPY,295.6600036621094,RSI2 exit
SPY,296.42999267578125,RSI2 exit
SPY,298.79998779296875,RSI2 exit
SPY,298.4599914550781,RSI2 exit
SPY,298.6099853515625,RSI2 exit
SPY,299.3099975585937,RSI2 exit
SPY,300.6499938964844,RSI2 exit
SPY,300.75,RSI2 exit
SPY,300.0299987792969,RSI2 exit
SPY,301.44000244140625,RSI2 exit
SPY,302.010009765625,RSI2 exit
SPY,293.6199951171875,RSI2 exit
SPY,292.3299865722656,RSI2 exit
SPY,292.45001220703125,RSI2 exit
SPY,292.3599853515625,RSI2 exit
SPY,292.5799865722656,RSI2 exit
SPY,292.45001220703125,RSI2 exit
SPY,294.0400085449219,RSI2 exit
SPY,297.82000732421875,RSI2 exit
SPY,298.04998779296875,RSI2 exit
SPY,298.20001220703125,RSI2 exit
SPY,298.1300048828125,RSI2 exit
SPY,300.25,RSI2 exit
SPY,301.2900085449219,RSI2 exit
SPY,301.0899963378906,RSI2 exit
SPY,301.1000061035156,RSI2 exit
SPY,301.0799865722656,RSI2 exit
SPY,294.3500061035156,RSI2 exit
SPY,293.239990234375,RSI2 exit
SPY,296.2799987792969,RSI2 exit
SPY,295.95001220703125,RSI2 exit
SPY,298.8800048828125,RSI2 exit
SPY,298.3999938964844,RSI2 exit
SPY,299.2799987792969,RSI2 exit
SPY,299.989990234375,RSI2 exit
SPY,300.3699951171875,RSI2 exit
SPY,301.6000061035156,RSI2 exit
SPY,303.29998779296875,RSI2 exit
SPY,303.2099914550781,RSI2 exit
SPY,304.1400146484375,RSI2 exit
SPY,306.1400146484375,RSI2 exit
SPY,307.3699951171875,RSI2 exit
SPY,307.0299987792969,RSI2 exit
SPY,307.1000061035156,RSI2 exit
SPY,308.17999267578125,RSI2 exit
SPY,308.94000244140625,RSI2 exit
SPY,309.0,RSI2 exit
SPY,309.1000061035156,RSI2 exit
SPY,309.54998779296875,RSI2 exit
SPY,311.7900085449219,RSI2 exit
SPY,312.0199890136719,RSI2 exit
SPY,311.92999267578125,RSI2 exit
SPY,313.3699951171875,RSI2 exit
SPY,314.0799865722656,RSI2 exit
SPY,315.4800109863281,RSI2 exit
SPY,314.8699951171875,RSI2 exit
SPY,314.4200134277344,RSI2 exit
SPY,317.1300048828125,RSI2 exit
SPY,317.32000732421875,RSI2 exit
SPY,319.5,RSI2 exit
SPY,319.57000732421875,RSI2 exit
SPY,319.5899963378906,RSI2 exit
SPY,320.8999938964844,RSI2 exit
SPY,320.7300109863281,RSI2 exit
SPY,321.2200012207031,RSI2 exit
SPY,321.2300109863281,RSI2 exit
SPY,322.94000244140625,RSI2 exit
SPY,322.8599853515625,RSI2 exit
SPY,324.8699951171875,RSI2 exit
SPY,324.45001220703125,RSI2 exit
SPY,326.6499938964844,RSI2 exit
SPY,327.95001220703125,RSI2 exit
SPY,328.19000244140625,RSI2 exit
SPY,330.9200134277344,RSI2 exit
SPY,331.95001220703125,RSI2 exit
SPY,331.7200012207031,RSI2 exit
SPY,329.0599975585937,RSI2 exit
SPY,332.8599853515625,RSI2 exit
SPY,333.9800109863281,RSI2 exit
SPY,334.67999267578125,RSI2 exit
SPY,335.260009765625,RSI2 exit
SPY,337.4200134277344,RSI2 exit
SPY,337.0599975585937,RSI2 exit
SPY,337.6000061035156,RSI2 exit
SPY,338.3399963378906,RSI2 exit
SPY,309.0899963378906,RSI2 exit
SPY,312.8599853515625,RSI2 exit
SPY,243.1499938964844,RSI2 exit
SPY,246.7899932861328,RSI2 exit
SPY,261.20001220703125,RSI2 exit
SPY,261.6499938964844,RSI2 exit
SPY,264.8599853515625,RSI2 exit
SPY,265.1300048828125,RSI2 exit
SPY,274.0299987792969,RSI2 exit
SPY,278.20001220703125,RSI2 exit
SPY,283.7900085449219,RSI2 exit
SPY,286.6400146484375,RSI2 exit
SPY,282.9700012207031,RSI2 exit
SPY,287.04998779296875,RSI2 exit
SPY,293.2099914550781,RSI2 exit
SPY,287.67999267578125,RSI2 exit
SPY,292.44000244140625,RSI2 exit
SPY,292.5,RSI2 exit
SPY,295.0,RSI2 exit
SPY,296.92999267578125,RSI2 exit
SPY,299.0799865722656,RSI2 exit
SPY,303.5299987792969,RSI2 exit
SPY,302.9700012207031,RSI2 exit
SPY,304.32000732421875,RSI2 exit
SPY,305.54998779296875,RSI2 exit
SPY,308.0799865722656,RSI2 exit
SPY,312.17999267578125,RSI2 exit
SPY,311.3599853515625,RSI2 exit
SPY,319.3399963378906,RSI2 exit
SPY,323.20001220703125,RSI2 exit
SPY,312.9599914550781,RSI2 exit
SPY,312.04998779296875,RSI2 exit
SPY,308.3599853515625,RSI2 exit
SPY,310.5199890136719,RSI2 exit
SPY,312.2300109863281,RSI2 exit
SPY,317.04998779296875,RSI2 exit
SPY,316.17999267578125,RSI2 exit
SPY,317.5899963378906,RSI2 exit
SPY,318.9200134277344,RSI2 exit
SPY,321.8500061035156,RSI2 exit
SPY,321.7200012207031,RSI2 exit
SPY,324.32000732421875,RSI2 exit
SPY,325.010009765625,RSI2 exit
SPY,326.8599853515625,RSI2 exit
SPY,325.1199951171875,RSI2 exit
SPY,326.5199890136719,RSI2 exit
SPY,328.7900085449219,RSI2 exit
SPY,330.0599975585937,RSI2 exit
SPY,332.1099853515625,RSI2 exit
SPY,334.3299865722656,RSI2 exit
SPY,334.57000732421875,RSI2 exit
SPY,335.57000732421875,RSI2 exit
SPY,337.44000244140625,RSI2 exit
SPY,337.9100036621094,RSI2 exit
SPY,338.6400146484375,RSI2 exit
SPY,339.4800109863281,RSI2 exit
SPY,342.9200134277344,RSI2 exit
SPY,344.1199951171875,RSI2 exit
SPY,347.57000732421875,RSI2 exit
SPY,348.3299865722656,RSI2 exit
SPY,350.5799865722656,RSI2 exit
SPY,352.6000061035156,RSI2 exit
SPY,357.70001220703125,RSI2 exit
SPY,340.1700134277344,RSI2 exit
SPY,328.7300109863281,RSI2 exit
SPY,334.19000244140625,RSI2 exit
SPY,334.8900146484375,RSI2 exit
SPY,337.0400085449219,RSI2 exit
SPY,339.760009765625,RSI2 exit
SPY,340.760009765625,RSI2 exit
SPY,343.7799987792969,RSI2 exit
SPY,346.8500061035156,RSI2 exit
SPY,352.42999267578125,RSI2 exit
SPY,345.7799987792969,RSI2 exit
SPY,336.0299987792969,RSI2 exit
SPY,343.5400085449219,RSI2 exit
SPY,350.239990234375,RSI2 exit
SPY,350.1600036621094,RSI2 exit
SPY,354.5599975585937,RSI2 exit
SPY,354.0400085449219,RSI2 exit
SPY,356.6700134277344,RSI2 exit
SPY,358.1000061035156,RSI2 exit
SPY,362.5700073242188,RSI2 exit
SPY,363.2200012207031,RSI2 exit
SPY,362.6600036621094,RSI2 exit
SPY,363.6700134277344,RSI2 exit
SPY,366.0199890136719,RSI2 exit
SPY,366.7900085449219,RSI2 exit
SPY,366.6900024414063,RSI2 exit
SPY,369.8500061035156,RSI2 exit
SPY,370.1700134277344,RSI2 exit
SPY,369.5899963378906,RSI2 exit
SPY,370.1700134277344,RSI2 exit
SPY,372.239990234375,RSI2 exit
SPY,369.0,RSI2 exit
SPY,372.1700134277344,RSI2 exit
SPY,371.4599914550781,RSI2 exit
SPY,371.989990234375,RSI2 exit
SPY,373.8800048828125,RSI2 exit
SPY,373.5499877929688,RSI2 exit
SPY,379.1000061035156,RSI2 exit
SPY,381.260009765625,RSI2 exit
SPY,379.7900085449219,RSI2 exit
SPY,383.8900146484375,RSI2 exit
SPY,384.239990234375,RSI2 exit
SPY,384.3900146484375,RSI2 exit
SPY,381.5499877929688,RSI2 exit
SPY,381.8500061035156,RSI2 exit
SPY,386.1900024414063,RSI2 exit
SPY,387.7099914550781,RSI2 exit
SPY,390.510009765625,RSI2 exit
SPY,390.25,RSI2 exit
SPY,390.0799865722656,RSI2 exit
SPY,390.7099914550781,RSI2 exit
SPY,392.6400146484375,RSI2 exit
SPY,392.2999877929688,RSI2 exit
SPY,392.3900146484375,RSI2 exit
SPY,391.7699890136719,RSI2 exit
SPY,389.5799865722656,RSI2 exit
SPY,387.1700134277344,RSI2 exit
SPY,389.5799865722656,RSI2 exit
SPY,393.5299987792969,RSI2 exit
SPY,394.05999755859375,RSI2 exit
SPY,396.4100036621094,RSI2 exit
SPY,395.9100036621094,RSI2 exit
SPY,397.260009765625,RSI2 exit
SPY,395.9800109863281,RSI2 exit
SPY,395.7799987792969,RSI2 exit
SPY,396.3299865722656,RSI2 exit
SPY,400.6099853515625,RSI2 exit
SPY,406.3599853515625,RSI2 exit
SPY,406.1199951171875,RSI2 exit
SPY,406.5899963378906,RSI2 exit
SPY,408.5199890136719,RSI2 exit
SPY,411.489990234375,RSI2 exit
SPY,411.6400146484375,RSI2 exit
SPY,412.8599853515625,RSI2 exit
SPY,415.8699951171875,RSI2 exit
SPY,417.260009765625,RSI2 exit
SPY,417.6099853515625,RSI2 exit
SPY,417.5199890136719,RSI2 exit
SPY,420.05999755859375,RSI2 exit
SPY,419.0700073242188,RSI2 exit
SPY,422.1199951171875,RSI2 exit
SPY,416.5799865722656,RSI2 exit
SPY,415.2799987792969,RSI2 exit
SPY,419.1700134277344,RSI2 exit
SPY,419.0700073242188,RSI2 exit
SPY,419.2900085449219,RSI2 exit
SPY,420.0400085449219,RSI2 exit
SPY,420.3299865722656,RSI2 exit
SPY,422.6000061035156,RSI2 exit
SPY,422.1900024414063,RSI2 exit
SPY,422.2799987792969,RSI2 exit
SPY,423.6099853515625,RSI2 exit
SPY,424.30999755859375,RSI2 exit
SPY,425.260009765625,RSI2 exit
SPY,423.1099853515625,RSI2 exit
SPY,425.1000061035156,RSI2 exit
SPY,426.6099853515625,RSI2 exit
SPY,427.4700012207031,RSI2 exit
SPY,427.7000122070313,RSI2 exit
SPY,428.05999755859375,RSI2 exit
SPY,430.4299926757813,RSI2 exit
SPY,433.7200012207031,RSI2 exit
SPY,432.9299926757813,RSI2 exit
SPY,434.4599914550781,RSI2 exit
SPY,435.5199890136719,RSI2 exit
SPY,437.0799865722656,RSI2 exit
SPY,434.5499877929688,RSI2 exit
SPY,435.4599914550781,RSI2 exit
SPY,439.9400024414063,RSI2 exit
SPY,441.0199890136719,RSI2 exit
SPY,440.6499938964844,RSI2 exit
SPY,441.1499938964844,RSI2 exit
SPY,441.760009765625,RSI2 exit
SPY,442.489990234375,RSI2 exit
SPY,442.6799926757813,RSI2 exit
SPY,443.7799987792969,RSI2 exit
SPY,445.1099853515625,RSI2 exit
SPY,445.9200134277344,RSI2 exit
SPY,446.9700012207031,RSI2 exit
SPY,443.3599853515625,RSI2 exit
SPY,447.260009765625,RSI2 exit
SPY,447.9700012207031,RSI2 exit
SPY,448.9100036621094,RSI2 exit
SPY,450.25,RSI2 exit
SPY,452.2300109863281,RSI2 exit
SPY,451.7999877929688,RSI2 exit
SPY,453.1900024414063,RSI2 exit
SPY,453.0799865722656,RSI2 exit
SPY,443.1799926757813,RSI2 exit
SPY,443.9100036621094,RSI2 exit
SPY,434.8999938964844,RSI2 exit
SPY,438.6600036621094,RSI2 exit
SPY,437.8599853515625,RSI2 exit
SPY,442.5,RSI2 exit
SPY,445.8699951171875,RSI2 exit
SPY,447.1900024414063,RSI2 exit
SPY,450.6400146484375,RSI2 exit
SPY,452.4100036621094,RSI2 exit
SPY,453.5899963378906,RSI2 exit
SPY,453.1199951171875,RSI2 exit
SPY,455.5499877929688,RSI2 exit
SPY,455.9599914550781,RSI2 exit
SPY,458.3200073242188,RSI2 exit
SPY,459.25,RSI2 exit
SPY,460.0400085449219,RSI2 exit
SPY,461.8999938964844,RSI2 exit
SPY,464.7200012207031,RSI2 exit
SPY,466.9100036621094,RSI2 exit
SPY,468.5299987792969,RSI2 exit
SPY,468.9299926757813,RSI2 exit
SPY,467.2699890136719,RSI2 exit
SPY,467.4299926757813,RSI2 exit
SPY,469.2799987792969,RSI2 exit
SPY,469.7300109863281,RSI2 exit
SPY,469.4400024414063,RSI2 exit
SPY,468.2799987792969,RSI2 exit
SPY,469.5199890136719,RSI2 exit
SPY,470.739990234375,RSI2 exit
SPY,470.6000061035156,RSI2 exit
SPY,467.6900024414063,RSI2 exit
SPY,470.6000061035156,RSI2 exit
SPY,477.260009765625,RSI2 exit
SPY,476.8699951171875,RSI2 exit
SPY,477.4800109863281,RSI2 exit
SPY,477.7099914550781,RSI2 exit
SPY,477.5499877929688,RSI2 exit
SPY,469.75,RSI2 exit
SPY,471.0199890136719,RSI2 exit
SPY,441.9500122070313,RSI2 exit
SPY,449.9100036621094,RSI2 exit
SPY,452.9500122070313,RSI2 exit
SPY,457.3500061035156,RSI2 exit
SPY,457.5400085449219,RSI2 exit
SPY,437.75,RSI2 exit
SPY,436.6300048828125,RSI2 exit
SPY,437.8900146484375,RSI2 exit
SPY,426.1700134277344,RSI2 exit
SPY,435.6199951171875,RSI2 exit
SPY,441.0700073242188,RSI2 exit
SPY,444.5199890136719,RSI2 exit
SPY,444.3900146484375,RSI2 exit
SPY,449.5899963378906,RSI2 exit
SPY,450.489990234375,RSI2 exit
SPY,452.6900024414063,RSI2 exit
SPY,455.9100036621094,RSI2 exit
SPY,461.5499877929688,RSI2 exit
SPY,456.7999877929688,RSI2 exit
SPY,445.0400085449219,RSI2 exit
SPY,444.7099914550781,RSI2 exit
SPY,427.80999755859375,RSI2 exit
SPY,429.05999755859375,RSI2 exit
SPY,401.7200012207031,RSI2 exit
SPY,408.3200073242188,RSI2 exit
SPY,396.9200134277344,RSI2 exit
SPY,397.3699951171875,RSI2 exit
SPY,405.30999755859375,RSI2 exit
SPY,415.260009765625,RSI2 exit
SPY,412.9299926757813,RSI2 exit
SPY,417.3900146484375,RSI2 exit
SPY,415.739990234375,RSI2 exit
SPY,378.05999755859375,RSI2 exit
SPY,390.0799865722656,RSI2 exit
SPY,388.5899963378906,RSI2 exit
SPY,383.25,RSI2 exit
SPY,388.989990234375,RSI2 exit
SPY,388.6700134277344,RSI2 exit
SPY,385.1300048828125,RSI2 exit
SPY,392.2699890136719,RSI2 exit
SPY,394.7699890136719,RSI2 exit
SPY,398.7900085449219,RSI2 exit
SPY,401.0400085449219,RSI2 exit
SPY,406.0700073242188,RSI2 exit
SPY,411.989990234375,RSI2 exit
SPY,410.7699890136719,RSI2 exit
SPY,414.4500122070313,RSI2 exit
SPY,414.1700134277344,RSI2 exit
SPY,419.989990234375,RSI2 exit
SPY,419.989990234375,RSI2 exit
SPY,427.1000061035156,RSI2 exit
SPY,428.8599853515625,RSI2 exit
SPY,429.7000122070313,RSI2 exit
SPY,419.510009765625,RSI2 exit
SPY,397.7799987792969,RSI2 exit
SPY,400.3800048828125,RSI2 exit
SPY,406.6000061035156,RSI2 exit
SPY,410.9700012207031,RSI2 exit
SPY,370.5299987792969,RSI2 exit
SPY,377.9700012207031,RSI2 exit
SPY,377.0899963378906,RSI2 exit
SPY,365.9700012207031,RSI2 exit
SPY,366.8200073242188,RSI2 exit
SPY,371.1300048828125,RSI2 exit
SPY,374.2900085449219,RSI2 exit
SPY,378.8699951171875,RSI2 exit
SPY,384.9200134277344,RSI2 exit
SPY,389.0199890136719,RSI2 exit
SPY,379.9500122070313,RSI2 exit
SPY,382.0,RSI2 exit
SPY,394.6900024414063,RSI2 exit
SPY,398.510009765625,RSI2 exit
SPY,398.489990234375,RSI2 exit
SPY,399.8999938964844,RSI2 exit
SPY,402.4200134277344,RSI2 exit
SPY,402.3299865722656,RSI2 exit
SPY,407.6799926757813,RSI2 exit
SPY,407.3800048828125,RSI2 exit
SPY,406.9100036621094,RSI2 exit
SPY,398.9500122070313,RSI2 exit
SPY,401.9700012207031,RSI2 exit
SPY,386.2300109863281,RSI2 exit
SPY,383.760009765625,RSI2 exit
SPY,388.0799865722656,RSI2 exit
SPY,387.8599853515625,RSI2 exit
SPY,390.5799865722656,RSI2 exit
SPY,395.5199890136719,RSI2 exit
SPY,396.9599914550781,RSI2 exit
SPY,398.5,RSI2 exit
SPY,397.7699890136719,RSI2 exit
SPY,395.8800048828125,RSI2 exit
SPY,400.6300048828125,RSI2 exit
SPY,400.2000122070313,RSI2 exit
SPY,400.3500061035156,RSI2 exit
SPY,404.75,RSI2 exit
SPY,405.6799926757813,RSI2 exit
SPY,406.4800109863281,RSI2 exit
SPY,410.7999877929688,RSI2 exit
SPY,416.7799987792969,RSI2 exit
SPY,415.1900024414063,RSI2 exit
SPY,412.8299865722656,RSI2 exit
SPY,412.6400146484375,RSI2 exit
SPY,413.9800109863281,RSI2 exit
SPY,404.1900024414063,RSI2 exit
SPY,404.4700012207031,RSI2 exit
SPY,396.1099853515625,RSI2 exit
SPY,398.9100036621094,RSI2 exit
SPY,396.489990234375,RSI2 exit
SPY,401.3500061035156,RSI2 exit
SPY,403.7000122070313,RSI2 exit
SPY,409.3900146484375,RSI2 exit
SPY,410.9500122070313,RSI2 exit
SPY,409.6099853515625,RSI2 exit
SPY,409.7200012207031,RSI2 exit
SPY,413.4700012207031,RSI2 exit
SPY,413.9400024414063,RSI2 exit
SPY,414.2099914550781,RSI2 exit
SPY,414.1400146484375,RSI2 exit
SPY,412.4100036621094,RSI2 exit
SPY,415.9299926757813,RSI2 exit
SPY,415.510009765625,RSI2 exit
SPY,412.6300048828125,RSI2 exit
SPY,412.739990234375,RSI2 exit
SPY,413.010009765625,RSI2 exit
SPY,415.2300109863281,RSI2 exit
SPY,419.2300109863281,RSI2 exit
SPY,418.6199951171875,RSI2 exit
SPY,418.7900085449219,RSI2 exit
SPY,420.0199890136719,RSI2 exit
SPY,420.1799926757813,RSI2 exit
SPY,421.8200073242188,RSI2 exit
SPY,427.9200134277344,RSI2 exit
SPY,427.1000061035156,RSI2 exit
SPY,428.0299987792969,RSI2 exit
SPY,429.1300048828125,RSI2 exit
SPY,429.8999938964844,RSI2 exit
SPY,433.7999877929688,RSI2 exit
SPY,436.6600036621094,RSI2 exit
SPY,437.1799926757813,RSI2 exit
SPY,442.6000061035156,RSI2 exit
SPY,436.1700134277344,RSI2 exit
SPY,436.3900146484375,RSI2 exit
SPY,438.1099853515625,RSI2 exit
SPY,443.2799987792969,RSI2 exit
SPY,443.7900085449219,RSI2 exit
SPY,443.1300048828125,RSI2 exit
SPY,442.4599914550781,RSI2 exit
SPY,446.0199890136719,RSI2 exit
SPY,449.55999755859375,RSI2 exit
SPY,449.2799987792969,RSI2 exit
SPY,450.8399963378906,RSI2 exit
SPY,454.1900024414063,RSI2 exit
SPY,455.2000122070313,RSI2 exit
SPY,454.2000122070313,RSI2 exit
SPY,455.4400024414063,RSI2 exit
SPY,455.510009765625,RSI2 exit
SPY,456.9200134277344,RSI2 exit
SPY,457.7900085449219,RSI2 exit
SPY,448.1099853515625,RSI2 exit
SPY,443.0299987792969,RSI2 exit
SPY,442.760009765625,RSI2 exit
SPY,449.1600036621094,RSI2 exit
SPY,451.010009765625,RSI2 exit
SPY,450.3500061035156,RSI2 exit
SPY,451.1900024414063,RSI2 exit
SPY,448.4500122070313,RSI2 exit
SPY,450.3599853515625,RSI2 exit
SPY,429.5400085449219,RSI2 exit
SPY,432.2900085449219,RSI2 exit
SPY,434.5400085449219,RSI2 exit
SPY,436.3200073242188,RSI2 exit
SPY,436.0400085449219,RSI2 exit
SPY,436.0199890136719,RSI2 exit
SPY,418.2000122070313,RSI2 exit
SPY,422.6600036621094,RSI2 exit
SPY,430.760009765625,RSI2 exit
SPY,434.6900024414063,RSI2 exit
SPY,435.6900024414063,RSI2 exit
SPY,436.9299926757813,RSI2 exit
SPY,437.25,RSI2 exit
SPY,440.6099853515625,RSI2 exit
SPY,440.1900024414063,RSI2 exit
SPY,448.7300109863281,RSI2 exit
SPY,449.6799926757813,RSI2 exit
SPY,450.2300109863281,RSI2 exit
SPY,450.7900085449219,RSI2 exit
SPY,454.260009765625,RSI2 exit
SPY,455.0199890136719,RSI2 exit
SPY,455.2999877929688,RSI2 exit
SPY,456.3999938964844,RSI2 exit
SPY,459.1000061035156,RSI2 exit
SPY,458.2300109863281,RSI2 exit
SPY,460.2000122070313,RSI2 exit
SPY,461.989990234375,RSI2 exit
SPY,464.1000061035156,RSI2 exit
SPY,470.5,RSI2 exit
SPY,472.010009765625,RSI2 exit
SPY,471.9700012207031,RSI2 exit
SPY,474.8399963378906,RSI2 exit
SPY,475.6499938964844,RSI2 exit
SPY,476.510009765625,RSI2 exit
SPY,476.6900024414063,RSI2 exit
SPY,474.6000061035156,RSI2 exit
SPY,473.8800048828125,RSI2 exit
SPY,476.55999755859375,RSI2 exit
SPY,476.3500061035156,RSI2 exit
SPY,476.6799926757813,RSI2 exit
SPY,476.489990234375,RSI2 exit
SPY,482.4299926757813,RSI2 exit
SPY,483.4500122070313,RSI2 exit
SPY,484.8599853515625,RSI2 exit
SPY,485.3900146484375,RSI2 exit
SPY,488.0299987792969,RSI2 exit
SPY,487.4100036621094,RSI2 exit
SPY,491.2699890136719,RSI2 exit
SPY,490.8900146484375,RSI2 exit
SPY,494.3500061035156,RSI2 exit
SPY,493.9800109863281,RSI2 exit
SPY,498.1000061035156,RSI2 exit
SPY,498.3200073242188,RSI2 exit
SPY,501.2000122070313,RSI2 exit
SPY,500.9800109863281,RSI2 exit
SPY,502.010009765625,RSI2 exit
SPY,507.5,RSI2 exit
SPY,507.8500061035156,RSI2 exit
SPY,508.0799865722656,RSI2 exit
SPY,512.8499755859375,RSI2 exit
SPY,512.2999877929688,RSI2 exit
SPY,514.8099975585938,RSI2 exit
SPY,516.780029296875,RSI2 exit
SPY,515.7100219726562,RSI2 exit
SPY,520.47998046875,RSI2 exit
SPY,522.2000122070312,RSI2 exit
SPY,523.1699829101562,RSI2 exit
SPY,523.0700073242188,RSI2 exit
SPY,519.3200073242188,RSI2 exit
SPY,505.6499938964844,RSI2 exit
SPY,505.4100036621094,RSI2 exit
SPY,508.260009765625,RSI2 exit
SPY,510.05999755859375,RSI2 exit
SPY,511.2900085449219,RSI2 exit
SPY,516.5700073242188,RSI2 exit
SPY,517.1400146484375,RSI2 exit
SPY,517.1900024414062,RSI2 exit
SPY,520.1699829101562,RSI2 exit
SPY,520.8400268554688,RSI2 exit
SPY,520.9099731445312,RSI2 exit
SPY,523.2999877929688,RSI2 exit
SPY,529.780029296875,RSI2 exit
SPY,528.6900024414062,RSI2 exit
SPY,529.4500122070312,RSI2 exit
SPY,530.0599975585938,RSI2 exit
SPY,531.3599853515625,RSI2 exit
SPY,528.3900146484375,RSI2 exit
SPY,534.6699829101562,RSI2 exit
SPY,534.6599731445312,RSI2 exit
SPY,534.010009765625,RSI2 exit
SPY,535.6599731445312,RSI2 exit
SPY,536.9500122070312,RSI2 exit
SPY,541.3599853515625,RSI2 exit
SPY,542.4500122070312,RSI2 exit
SPY,542.780029296875,RSI2 exit
SPY,547.0999755859375,RSI2 exit
SPY,548.489990234375,RSI2 exit
SPY,546.3699951171875,RSI2 exit
SPY,549.010009765625,RSI2 exit
SPY,551.4600219726562,RSI2 exit
SPY,554.6400146484375,RSI2 exit
SPY,555.280029296875,RSI2 exit
SPY,555.8200073242188,RSI2 exit
SPY,561.3200073242188,RSI2 exit
SPY,561.530029296875,RSI2 exit
SPY,564.8599853515625,RSI2 exit
SPY,550.8099975585938,RSI2 exit
SPY,530.6500244140625,RSI2 exit
SPY,532.989990234375,RSI2 exit
SPY,533.27001953125,RSI2 exit
SPY,542.0399780273438,RSI2 exit
SPY,543.75,RSI2 exit
SPY,553.0700073242188,RSI2 exit
SPY,554.3099975585938,RSI2 exit
SPY,559.6099853515625,RSI2 exit
SPY,558.7000122070312,RSI2 exit
SPY,560.6199951171875,RSI2 exit
SPY,562.1300048828125,RSI2 exit
SPY,563.6799926757812,RSI2 exit
SPY,554.4199829101562,RSI2 exit
SPY,559.0900268554688,RSI2 exit
SPY,562.010009765625,RSI2 exit
SPY,562.8400268554688,RSI2 exit
SPY,563.0700073242188,RSI2 exit
SPY,570.97998046875,RSI2 exit
SPY,569.6699829101562,RSI2 exit
SPY,571.2999877929688,RSI2 exit
SPY,572.2999877929688,RSI2 exit
SPY,573.760009765625,RSI2 exit
SPY,572.97998046875,RSI2 exit
SPY,577.1400146484375,RSI2 exit
SPY,579.5800170898438,RSI2 exit
SPY,584.3200073242188,RSI2 exit
SPY,584.5900268554688,RSI2 exit
SPY,580.8300170898438,RSI2 exit
SPY,581.77001953125,RSI2 exit
SPY,576.7000122070312,RSI2 exit
SPY,591.0399780273438,RSI2 exit
SPY,595.6099853515625,RSI2 exit
SPY,598.1900024414062,RSI2 exit
SPY,598.760009765625,RSI2 exit
SPY,593.6699829101562,RSI2 exit
SPY,595.510009765625,RSI2 exit
SPY,597.530029296875,RSI2 exit
SPY,600.6500244140625,RSI2 exit
SPY,602.5499877929688,RSI2 exit
SPY,603.6300048828125,RSI2 exit
SPY,603.9099731445312,RSI2 exit
SPY,607.6599731445312,RSI2 exit
SPY,607.8099975585938,RSI2 exit
SPY,607.4600219726562,RSI2 exit
SPY,606.7899780273438,RSI2 exit
SPY,594.6900024414062,RSI2 exit
SPY,601.2999877929688,RSI2 exit
SPY,601.3400268554688,RSI2 exit
SPY,591.9500122070312,RSI2 exit
SPY,595.3599853515625,RSI2 exit
SPY,592.780029296875,RSI2 exit
SPY,591.6400146484375,RSI2 exit
SPY,597.5800170898438,RSI2 exit
SPY,603.0499877929688,RSI2 exit
SPY,606.4400024414062,RSI2 exit
SPY,609.75,RSI2 exit
SPY,604.219970703125,RSI2 exit
SPY,606.3200073242188,RSI2 exit
SPY,609.72998046875,RSI2 exit
SPY,609.7000122070312,RSI2 exit
SPY,611.489990234375,RSI2 exit
SPY,612.9299926757812,RSI2 exit
SPY,567.1500244140625,RSI2 exit
SPY,574.0800170898438,RSI2 exit
SPY,575.4600219726562,RSI2 exit
SPY,564.52001953125,RSI2 exit
SPY,548.6199951171875,RSI2 exit
SPY,535.4199829101562,RSI2 exit
SPY,546.6900024414062,RSI2 exit
SPY,550.6400146484375,RSI2 exit
SPY,550.8499755859375,RSI2 exit
SPY,554.3200073242188,RSI2 exit
SPY,554.5399780273438,RSI2 exit
SPY,558.469970703125,RSI2 exit
SPY,566.760009765625,RSI2 exit
SPY,565.0599975585938,RSI2 exit
SPY,582.989990234375,RSI2 exit
SPY,586.8400268554688,RSI2 exit
SPY,587.5900268554688,RSI2 exit
SPY,590.4600219726562,RSI2 exit
SPY,594.2000122070312,RSI2 exit
SPY,594.8499755859375,RSI2 exit
SPY,591.1500244140625,RSI2 exit
SPY,592.7100219726562,RSI2 exit
SPY,596.0900268554688,RSI2 exit
SPY,595.9299926757812,RSI2 exit
SPY,599.1400146484375,RSI2 exit
SPY,599.6799926757812,RSI2 exit
SPY,603.0800170898438,RSI2 exit
SPY,603.75,RSI2 exit
SPY,600.1500244140625,RSI2 exit
SPY,606.780029296875,RSI2 exit
SPY,607.1199951171875,RSI2 exit
SPY,611.8699951171875,RSI2 exit
SPY,614.9099731445312,RSI2 exit
SPY,617.8499755859375,RSI2 exit
SPY,617.6500244140625,RSI2 exit
SPY,620.4500122070312,RSI2 exit
SPY,625.3400268554688,RSI2 exit
SPY,624.0599975585938,RSI2 exit
SPY,625.8200073242188,RSI2 exit
SPY,628.0399780273438,RSI2 exit
SPY,627.5800170898438,RSI2 exit
SPY,628.77001953125,RSI2 exit
SPY,628.8599853515625,RSI2 exit
SPY,634.2100219726562,RSI2 exit
SPY,634.4199829101562,RSI2 exit
SPY,637.0999755859375,RSI2 exit
SPY,636.9400024414062,RSI2 exit
SPY,637.1799926757812,RSI2 exit
SPY,642.6900024414062,RSI2 exit
SPY,644.8900146484375,RSI2 exit
SPY,644.9500122070312,RSI2 exit
SPY,645.3099975585938,RSI2 exit
SPY,645.1599731445312,RSI2 exit
SPY,646.6300048828125,RSI2 exit
SPY,648.9199829101562,RSI2 exit
SPY,649.1199951171875,RSI2 exit
SPY,648.8300170898438,RSI2 exit
SPY,650.3300170898438,RSI2 exit
SPY,652.2100219726562,RSI2 exit
SPY,657.6300048828125,RSI2 exit
SPY,657.4099731445312,RSI2 exit
SPY,660.9099731445312,RSI2 exit
SPY,660.0,RSI2 exit
SPY,662.260009765625,RSI2 exit
SPY,663.7000122070312,RSI2 exit
SPY,666.8400268554688,RSI2 exit
SPY,663.6799926757812,RSI2 exit
SPY,666.1799926757812,RSI2 exit
SPY,668.4500122070312,RSI2 exit
SPY,669.219970703125,RSI2 exit
SPY,669.2100219726562,RSI2 exit
SPY,671.6099853515625,RSI2 exit
SPY,673.1099853515625,RSI2 exit
