Ticker,EntryDate,EntryPrice,Status,ExitDate,ExitPrice,Notes
AAPL,2025-10-10,250.4199981689453,closed,2025-10-10,253.47999572753903,3DHL entry; 3DHL exit
AAPL,2025-10-10,243.8500061035156,closed,2025-10-10,253.47999572753903,3DHL entry; 3DHL exit
AAPL,2025-10-10,236.8500061035156,closed,2025-10-10,253.47999572753903,3DHL entry; 3DHL exit
AAPL,2025-10-10,234.3999938964844,closed,2025-10-10,253.47999572753903,3DHL entry; 3DHL exit
AAPL,2025-10-10,241.83999633789065,closed,2025-10-10,253.47999572753903,3DHL entry; 3DHL exit
AAPL,2025-10-10,224.8999938964844,closed,2025-10-10,253.47999572753903,3DHL entry; 3DHL exit
AAPL,2025-10-10,226.7899932861328,closed,2025-10-10,253.47999572753903,3DHL entry; 3DHL exit
ABBV,2025-10-10,201.33999633789065,closed,2025-10-10,175.3800048828125,3DHL entry; 3DHL exit
ABBV,2025-10-10,201.3000030517578,closed,2025-10-10,175.3800048828125,3DHL entry; 3DHL exit
ABBV,2025-10-10,208.3600006103516,closed,2025-10-10,175.3800048828125,3DHL entry; 3DHL exit
ABT,2025-10-10,129.88999938964844,closed,2025-10-10,113.29000091552734,3DHL entry; 3DHL exit
ABT,2025-10-10,132.41000366210938,closed,2025-10-10,113.29000091552734,3DHL entry; 3DHL exit
ABT,2025-10-10,133.6999969482422,closed,2025-10-10,113.29000091552734,3DHL entry; 3DHL exit
ABT,2025-10-10,129.39999389648438,closed,2025-10-10,113.29000091552734,3DHL entry; 3DHL exit
ABT,2025-10-10,131.3699951171875,closed,2025-10-10,113.29000091552734,3DHL entry; 3DHL exit
ACN,2025-10-10,386.8900146484375,closed,2025-10-10,372.1600036621094,3DHL entry; 3DHL exit
ACN,2025-10-10,363.9100036621094,closed,2025-10-10,372.1600036621094,3DHL entry; 3DHL exit
ACN,2025-10-10,362.9500122070313,closed,2025-10-10,372.1600036621094,3DHL entry; 3DHL exit
ACN,2025-10-10,358.3500061035156,closed,2025-10-10,372.1600036621094,3DHL entry; 3DHL exit
ACN,2025-10-10,356.8699951171875,closed,2025-10-10,372.1600036621094,3DHL entry; 3DHL exit
ACN,2025-10-10,348.5,closed,2025-10-10,372.1600036621094,3DHL entry; 3DHL exit
ACN,2025-10-10,335.29998779296875,closed,2025-10-10,372.1600036621094,3DHL entry; 3DHL exit
ACN,2025-10-10,327.7900085449219,closed,2025-10-10,372.1600036621094,3DHL entry; 3DHL exit
ACN,2025-10-10,324.3299865722656,closed,2025-10-10,372.1600036621094,3DHL entry; 3DHL exit
ACN,2025-10-10,317.07000732421875,closed,2025-10-10,372.1600036621094,3DHL entry; 3DHL exit
ACN,2025-10-10,318.82000732421875,closed,2025-10-10,372.1600036621094,3DHL entry; 3DHL exit
AES,2025-10-10,12.4399995803833,closed,2025-10-10,13.149999618530272,3DHL entry; 3DHL exit
AES,2025-10-10,12.649999618530272,closed,2025-10-10,13.149999618530272,3DHL entry; 3DHL exit
AES,2025-10-10,12.020000457763672,closed,2025-10-10,13.149999618530272,3DHL entry; 3DHL exit
AES,2025-10-10,12.43000030517578,closed,2025-10-10,13.149999618530272,3DHL entry; 3DHL exit
AES,2025-10-10,13.079999923706056,closed,2025-10-10,13.149999618530272,3DHL entry; 3DHL exit
AMAT,2025-10-10,170.86000061035156,closed,2025-10-10,169.41000366210938,3DHL entry; 3DHL exit
AMCR,2025-10-10,9.399999618530272,closed,2025-10-10,9.84000015258789,3DHL entry; 3DHL exit
AMCR,2025-10-10,9.399999618530272,closed,2025-10-10,9.84000015258789,3DHL entry; 3DHL exit
AMCR,2025-10-10,9.630000114440918,closed,2025-10-10,9.84000015258789,3DHL entry; 3DHL exit
AMCR,2025-10-10,9.4399995803833,closed,2025-10-10,9.84000015258789,3DHL entry; 3DHL exit
AMCR,2025-10-10,9.65999984741211,closed,2025-10-10,9.84000015258789,3DHL entry; 3DHL exit
AMCR,2025-10-10,9.529999732971191,closed,2025-10-10,9.84000015258789,3DHL entry; 3DHL exit
AMCR,2025-10-10,9.350000381469728,closed,2025-10-10,9.84000015258789,3DHL entry; 3DHL exit
AMD,2025-10-10,166.5500030517578,closed,2025-10-10,126.69000244140624,3DHL entry; 3DHL exit
AMD,2025-10-10,165.1999969482422,closed,2025-10-10,126.69000244140624,3DHL entry; 3DHL exit
AMD,2025-10-10,151.41000366210938,closed,2025-10-10,126.69000244140624,3DHL entry; 3DHL exit
AMZN,2025-10-10,218.94000244140625,closed,2025-10-10,232.92999267578125,3DHL entry; 3DHL exit
AMZN,2025-10-10,218.4600067138672,closed,2025-10-10,232.92999267578125,3DHL entry; 3DHL exit
AMZN,2025-10-10,228.67999267578125,closed,2025-10-10,232.92999267578125,3DHL entry; 3DHL exit
AMZN,2025-10-10,226.6499938964844,closed,2025-10-10,232.92999267578125,3DHL entry; 3DHL exit
AMZN,2025-10-10,226.6300048828125,closed,2025-10-10,232.92999267578125,3DHL entry; 3DHL exit
AMZN,2025-10-10,222.8800048828125,closed,2025-10-10,232.92999267578125,3DHL entry; 3DHL exit
AMZN,2025-10-10,216.5800018310547,closed,2025-10-10,232.92999267578125,3DHL entry; 3DHL exit
AMZN,2025-10-10,223.8099975585937,closed,2025-10-10,232.92999267578125,3DHL entry; 3DHL exit
AMZN,2025-10-10,221.9499969482422,closed,2025-10-10,232.92999267578125,3DHL entry; 3DHL exit
AMZN,2025-10-10,220.2100067138672,closed,2025-10-10,232.92999267578125,3DHL entry; 3DHL exit
AMZN,2025-10-10,218.1499938964844,closed,2025-10-10,232.92999267578125,3DHL entry; 3DHL exit
ANET,2025-10-10,112.63999938964844,closed,2025-10-10,116.52999877929688,3DHL entry; 3DHL exit
ANET,2025-10-10,109.75,closed,2025-10-10,116.52999877929688,3DHL entry; 3DHL exit
ANET,2025-10-10,106.87000274658205,closed,2025-10-10,116.52999877929688,3DHL entry; 3DHL exit
ANET,2025-10-10,131.47000122070312,closed,2025-10-10,116.52999877929688,3DHL entry; 3DHL exit
ANET,2025-10-10,142.63999938964844,closed,2025-10-10,116.52999877929688,3DHL entry; 3DHL exit
ANET,2025-10-10,143.05999755859375,closed,2025-10-10,116.52999877929688,3DHL entry; 3DHL exit
APA,2025-10-10,23.36000061035156,closed,2025-10-10,21.940000534057617,3DHL entry; 3DHL exit
APA,2025-10-10,22.8700008392334,closed,2025-10-10,21.940000534057617,3DHL entry; 3DHL exit
APA,2025-10-10,20.700000762939453,closed,2025-10-10,21.940000534057617,3DHL entry; 3DHL exit
APA,2025-10-10,21.020000457763672,closed,2025-10-10,21.940000534057617,3DHL entry; 3DHL exit
APA,2025-10-10,23.61000061035156,closed,2025-10-10,21.940000534057617,3DHL entry; 3DHL exit
AVGO,2025-10-10,294.9100036621094,closed,2025-10-10,250.0,3DHL entry; 3DHL exit
AVGO,2025-10-10,291.1700134277344,closed,2025-10-10,250.0,3DHL entry; 3DHL exit
AVGO,2025-10-10,336.1000061035156,closed,2025-10-10,250.0,3DHL entry; 3DHL exit
BA,2025-10-10,202.3600006103516,closed,2025-10-10,177.0399932861328,3DHL entry; 3DHL exit
BA,2025-10-10,210.8000030517578,closed,2025-10-10,177.0399932861328,3DHL entry; 3DHL exit
BA,2025-10-10,200.32000732421875,closed,2025-10-10,177.0399932861328,3DHL entry; 3DHL exit
BA,2025-10-10,221.8999938964844,closed,2025-10-10,177.0399932861328,3DHL entry; 3DHL exit
BA,2025-10-10,225.6199951171875,closed,2025-10-10,177.0399932861328,3DHL entry; 3DHL exit
BA,2025-10-10,229.6100006103516,closed,2025-10-10,177.0399932861328,3DHL entry; 3DHL exit
BA,2025-10-10,215.94000244140625,closed,2025-10-10,177.0399932861328,3DHL entry; 3DHL exit
BA,2025-10-10,215.75,closed,2025-10-10,177.0399932861328,3DHL entry; 3DHL exit
BA,2025-10-10,215.0200042724609,closed,2025-10-10,177.0399932861328,3DHL entry; 3DHL exit
BAC,2025-10-10,46.29999923706055,closed,2025-10-10,45.470001220703125,3DHL entry; 3DHL exit
BAC,2025-10-10,46.209999084472656,closed,2025-10-10,45.470001220703125,3DHL entry; 3DHL exit
BAC,2025-10-10,46.209999084472656,closed,2025-10-10,45.470001220703125,3DHL entry; 3DHL exit
BAC,2025-10-10,46.84000015258789,closed,2025-10-10,45.470001220703125,3DHL entry; 3DHL exit
BAC,2025-10-10,47.27000045776367,closed,2025-10-10,45.470001220703125,3DHL entry; 3DHL exit
BAC,2025-10-10,45.65999984741211,closed,2025-10-10,45.470001220703125,3DHL entry; 3DHL exit
BAX,2025-10-10,34.54999923706055,closed,2025-10-10,29.420000076293945,3DHL entry; 3DHL exit
BAX,2025-10-10,33.189998626708984,closed,2025-10-10,29.420000076293945,3DHL entry; 3DHL exit
BAX,2025-10-10,29.93000030517578,closed,2025-10-10,29.420000076293945,3DHL entry; 3DHL exit
BAX,2025-10-10,30.1200008392334,closed,2025-10-10,29.420000076293945,3DHL entry; 3DHL exit
BAX,2025-10-10,29.549999237060547,closed,2025-10-10,29.420000076293945,3DHL entry; 3DHL exit
BAX,2025-10-10,30.09000015258789,closed,2025-10-10,29.420000076293945,3DHL entry; 3DHL exit
BAX,2025-10-10,30.81999969482422,closed,2025-10-10,29.420000076293945,3DHL entry; 3DHL exit
BAX,2025-10-10,29.920000076293945,closed,2025-10-10,29.420000076293945,3DHL entry; 3DHL exit
BAX,2025-10-10,29.799999237060547,closed,2025-10-10,29.420000076293945,3DHL entry; 3DHL exit
BEN,2025-10-10,23.950000762939453,closed,2025-10-10,21.89999961853028,3DHL entry; 3DHL exit
BEN,2025-10-10,24.81999969482422,closed,2025-10-10,21.89999961853028,3DHL entry; 3DHL exit
BEN,2025-10-10,24.559999465942383,closed,2025-10-10,21.89999961853028,3DHL entry; 3DHL exit
BEN,2025-10-10,22.540000915527344,closed,2025-10-10,21.89999961853028,3DHL entry; 3DHL exit
BKR,2025-10-10,44.040000915527344,closed,2025-10-10,41.79999923706055,3DHL entry; 3DHL exit
BKR,2025-10-10,43.5099983215332,closed,2025-10-10,41.79999923706055,3DHL entry; 3DHL exit
BKR,2025-10-10,47.88999938964844,closed,2025-10-10,41.79999923706055,3DHL entry; 3DHL exit
BMY,2025-10-10,55.36000061035156,closed,2025-10-10,57.650001525878906,3DHL entry; 3DHL exit
BMY,2025-10-10,55.52999877929688,closed,2025-10-10,57.650001525878906,3DHL entry; 3DHL exit
BSX,2025-10-10,105.41000366210938,closed,2025-10-10,90.45999908447266,3DHL entry; 3DHL exit
BSX,2025-10-10,102.70999908447266,closed,2025-10-10,90.45999908447266,3DHL entry; 3DHL exit
C,2025-10-10,97.33999633789062,closed,2025-10-10,71.48999786376953,3DHL entry; 3DHL exit
C,2025-10-10,95.91999816894533,closed,2025-10-10,71.48999786376953,3DHL entry; 3DHL exit
CAG,2025-10-10,26.809999465942383,closed,2025-10-10,27.89999961853028,3DHL entry; 3DHL exit
CAG,2025-10-10,26.6299991607666,closed,2025-10-10,27.89999961853028,3DHL entry; 3DHL exit
CAG,2025-10-10,26.600000381469727,closed,2025-10-10,27.89999961853028,3DHL entry; 3DHL exit
CAG,2025-10-10,25.940000534057617,closed,2025-10-10,27.89999961853028,3DHL entry; 3DHL exit
CAG,2025-10-10,26.270000457763672,closed,2025-10-10,27.89999961853028,3DHL entry; 3DHL exit
CAG,2025-10-10,25.030000686645508,closed,2025-10-10,27.89999961853028,3DHL entry; 3DHL exit
CAG,2025-10-10,25.809999465942383,closed,2025-10-10,27.89999961853028,3DHL entry; 3DHL exit
CAG,2025-10-10,25.64999961853028,closed,2025-10-10,27.89999961853028,3DHL entry; 3DHL exit
CAG,2025-10-10,25.690000534057617,closed,2025-10-10,27.89999961853028,3DHL entry; 3DHL exit
CAG,2025-10-10,24.450000762939453,closed,2025-10-10,27.89999961853028,3DHL entry; 3DHL exit
CAG,2025-10-10,24.07999992370605,closed,2025-10-10,27.89999961853028,3DHL entry; 3DHL exit
CAG,2025-10-10,23.51000022888184,closed,2025-10-10,27.89999961853028,3DHL entry; 3DHL exit
CAG,2025-10-10,23.350000381469727,closed,2025-10-10,27.89999961853028,3DHL entry; 3DHL exit
CAG,2025-10-10,23.0,closed,2025-10-10,27.89999961853028,3DHL entry; 3DHL exit
CAG,2025-10-10,23.21999931335449,closed,2025-10-10,27.89999961853028,3DHL entry; 3DHL exit
CARR,2025-10-10,70.9800033569336,closed,2025-10-10,71.58999633789062,3DHL entry; 3DHL exit
CARR,2025-10-10,70.33999633789062,closed,2025-10-10,71.58999633789062,3DHL entry; 3DHL exit
CARR,2025-10-10,69.77999877929688,closed,2025-10-10,71.58999633789062,3DHL entry; 3DHL exit
CFG,2025-10-10,46.15999984741211,closed,2025-10-10,45.68000030517578,3DHL entry; 3DHL exit
CFG,2025-10-10,46.04999923706055,closed,2025-10-10,45.68000030517578,3DHL entry; 3DHL exit
CFG,2025-10-10,46.81999969482422,closed,2025-10-10,45.68000030517578,3DHL entry; 3DHL exit
CFG,2025-10-10,51.84999847412109,closed,2025-10-10,45.68000030517578,3DHL entry; 3DHL exit
CL,2025-10-10,91.91000366210938,closed,2025-10-10,92.91999816894533,3DHL entry; 3DHL exit
CL,2025-10-10,90.5500030517578,closed,2025-10-10,92.91999816894533,3DHL entry; 3DHL exit
CL,2025-10-10,90.1500015258789,closed,2025-10-10,92.91999816894533,3DHL entry; 3DHL exit
CL,2025-10-10,92.6999969482422,closed,2025-10-10,92.91999816894533,3DHL entry; 3DHL exit
CL,2025-10-10,90.1999969482422,closed,2025-10-10,92.91999816894533,3DHL entry; 3DHL exit
CL,2025-10-10,90.1500015258789,closed,2025-10-10,92.91999816894533,3DHL entry; 3DHL exit
CL,2025-10-10,90.62000274658205,closed,2025-10-10,92.91999816894533,3DHL entry; 3DHL exit
CL,2025-10-10,89.58000183105469,closed,2025-10-10,92.91999816894533,3DHL entry; 3DHL exit
CL,2025-10-10,88.8499984741211,closed,2025-10-10,92.91999816894533,3DHL entry; 3DHL exit
CMCSA,2025-10-10,37.400001525878906,closed,2025-10-10,38.86000061035156,3DHL entry; 3DHL exit
CMG,2025-10-10,61.7400016784668,closed,2025-10-10,64.80000305175781,3DHL entry; 3DHL exit
CMG,2025-10-10,60.09000015258789,closed,2025-10-10,64.80000305175781,3DHL entry; 3DHL exit
CMG,2025-10-10,57.9900016784668,closed,2025-10-10,64.80000305175781,3DHL entry; 3DHL exit
CMG,2025-10-10,57.91999816894531,closed,2025-10-10,64.80000305175781,3DHL entry; 3DHL exit
CMG,2025-10-10,56.5,closed,2025-10-10,64.80000305175781,3DHL entry; 3DHL exit
CMG,2025-10-10,56.2599983215332,closed,2025-10-10,64.80000305175781,3DHL entry; 3DHL exit
CMG,2025-10-10,53.79999923706055,closed,2025-10-10,64.80000305175781,3DHL entry; 3DHL exit
CMG,2025-10-10,53.04999923706055,closed,2025-10-10,64.80000305175781,3DHL entry; 3DHL exit
CMG,2025-10-10,51.5099983215332,closed,2025-10-10,64.80000305175781,3DHL entry; 3DHL exit
CMG,2025-10-10,51.209999084472656,closed,2025-10-10,64.80000305175781,3DHL entry; 3DHL exit
CMG,2025-10-10,50.77999877929688,closed,2025-10-10,64.80000305175781,3DHL entry; 3DHL exit
CMG,2025-10-10,50.630001068115234,closed,2025-10-10,64.80000305175781,3DHL entry; 3DHL exit
CMG,2025-10-10,53.95000076293945,closed,2025-10-10,64.80000305175781,3DHL entry; 3DHL exit
CMG,2025-10-10,53.380001068115234,closed,2025-10-10,64.80000305175781,3DHL entry; 3DHL exit
CMG,2025-10-10,53.540000915527344,closed,2025-10-10,64.80000305175781,3DHL entry; 3DHL exit
CNC,2025-10-10,56.810001373291016,closed,2025-10-10,59.16999816894531,3DHL entry; 3DHL exit
CNC,2025-10-10,60.22999954223633,closed,2025-10-10,59.16999816894531,3DHL entry; 3DHL exit
CNC,2025-10-10,56.40999984741211,closed,2025-10-10,59.16999816894531,3DHL entry; 3DHL exit
COIN,2025-10-10,278.7099914550781,closed,2025-10-10,315.3099975585937,3DHL entry; 3DHL exit
COIN,2025-10-10,371.4400024414063,closed,2025-10-10,315.3099975585937,3DHL entry; 3DHL exit
COP,2025-10-10,95.18000030517578,closed,2025-10-10,99.56999969482422,3DHL entry; 3DHL exit
COP,2025-10-10,95.12000274658205,closed,2025-10-10,99.56999969482422,3DHL entry; 3DHL exit
COP,2025-10-10,101.37999725341795,closed,2025-10-10,99.56999969482422,3DHL entry; 3DHL exit
COP,2025-10-10,101.55999755859376,closed,2025-10-10,99.56999969482422,3DHL entry; 3DHL exit
CPB,2025-10-10,41.5,closed,2025-10-10,42.560001373291016,3DHL entry; 3DHL exit
CPB,2025-10-10,39.95000076293945,closed,2025-10-10,42.560001373291016,3DHL entry; 3DHL exit
CPB,2025-10-10,39.22999954223633,closed,2025-10-10,42.560001373291016,3DHL entry; 3DHL exit
CPB,2025-10-10,37.7400016784668,closed,2025-10-10,42.560001373291016,3DHL entry; 3DHL exit
CPB,2025-10-10,38.619998931884766,closed,2025-10-10,42.560001373291016,3DHL entry; 3DHL exit
CPB,2025-10-10,37.290000915527344,closed,2025-10-10,42.560001373291016,3DHL entry; 3DHL exit
CPB,2025-10-10,38.470001220703125,closed,2025-10-10,42.560001373291016,3DHL entry; 3DHL exit
CPB,2025-10-10,38.41999816894531,closed,2025-10-10,42.560001373291016,3DHL entry; 3DHL exit
CPB,2025-10-10,38.25,closed,2025-10-10,42.560001373291016,3DHL entry; 3DHL exit
CPB,2025-10-10,37.52999877929688,closed,2025-10-10,42.560001373291016,3DHL entry; 3DHL exit
CPB,2025-10-10,36.290000915527344,closed,2025-10-10,42.560001373291016,3DHL entry; 3DHL exit
CPB,2025-10-10,35.84000015258789,closed,2025-10-10,42.560001373291016,3DHL entry; 3DHL exit
CPB,2025-10-10,36.040000915527344,closed,2025-10-10,42.560001373291016,3DHL entry; 3DHL exit
CPRT,2025-10-10,58.45000076293945,closed,2025-10-10,61.11000061035156,3DHL entry; 3DHL exit
CPRT,2025-10-10,58.220001220703125,closed,2025-10-10,61.11000061035156,3DHL entry; 3DHL exit
CPRT,2025-10-10,58.36000061035156,closed,2025-10-10,61.11000061035156,3DHL entry; 3DHL exit
CPRT,2025-10-10,54.79999923706055,closed,2025-10-10,61.11000061035156,3DHL entry; 3DHL exit
CPRT,2025-10-10,53.72999954223633,closed,2025-10-10,61.11000061035156,3DHL entry; 3DHL exit
CPRT,2025-10-10,53.7400016784668,closed,2025-10-10,61.11000061035156,3DHL entry; 3DHL exit
CPRT,2025-10-10,54.220001220703125,closed,2025-10-10,61.11000061035156,3DHL entry; 3DHL exit
CPRT,2025-10-10,60.65999984741211,closed,2025-10-10,61.11000061035156,3DHL entry; 3DHL exit
CPRT,2025-10-10,53.66999816894531,closed,2025-10-10,61.11000061035156,3DHL entry; 3DHL exit
CRM,2025-10-10,308.32000732421875,closed,2025-10-10,357.2300109863281,3DHL entry; 3DHL exit
CRM,2025-10-10,305.8800048828125,closed,2025-10-10,357.2300109863281,3DHL entry; 3DHL exit
CRM,2025-10-10,282.2799987792969,closed,2025-10-10,357.2300109863281,3DHL entry; 3DHL exit
CRM,2025-10-10,283.4200134277344,closed,2025-10-10,357.2300109863281,3DHL entry; 3DHL exit
CSCO,2025-10-10,67.18000030517578,closed,2025-10-10,58.34999847412109,3DHL entry; 3DHL exit
CSCO,2025-10-10,67.37000274658203,closed,2025-10-10,58.34999847412109,3DHL entry; 3DHL exit
CSCO,2025-10-10,66.94999694824219,closed,2025-10-10,58.34999847412109,3DHL entry; 3DHL exit
CSX,2025-10-10,32.29999923706055,closed,2025-10-10,32.939998626708984,3DHL entry; 3DHL exit
CSX,2025-10-10,32.279998779296875,closed,2025-10-10,32.939998626708984,3DHL entry; 3DHL exit
CTRA,2025-10-10,26.06999969482422,closed,2025-10-10,24.729999542236328,3DHL entry; 3DHL exit
CTRA,2025-10-10,25.950000762939453,closed,2025-10-10,24.729999542236328,3DHL entry; 3DHL exit
CVS,2025-10-10,66.2300033569336,closed,2025-10-10,46.59999847412109,3DHL entry; 3DHL exit
CVS,2025-10-10,66.77999877929688,closed,2025-10-10,46.59999847412109,3DHL entry; 3DHL exit
CVS,2025-10-10,64.77999877929688,closed,2025-10-10,46.59999847412109,3DHL entry; 3DHL exit
CVS,2025-10-10,64.36000061035156,closed,2025-10-10,46.59999847412109,3DHL entry; 3DHL exit
CVS,2025-10-10,63.93999862670898,closed,2025-10-10,46.59999847412109,3DHL entry; 3DHL exit
CVX,2025-10-10,156.00999450683594,closed,2025-10-10,149.36000061035156,3DHL entry; 3DHL exit
CVX,2025-10-10,155.64999389648438,closed,2025-10-10,149.36000061035156,3DHL entry; 3DHL exit
CVX,2025-10-10,153.61000061035156,closed,2025-10-10,149.36000061035156,3DHL entry; 3DHL exit
CVX,2025-10-10,156.0500030517578,closed,2025-10-10,149.36000061035156,3DHL entry; 3DHL exit
CVX,2025-10-10,154.5800018310547,closed,2025-10-10,149.36000061035156,3DHL entry; 3DHL exit
CZR,2025-10-10,33.06999969482422,closed,2025-10-10,36.52000045776367,3DHL entry; 3DHL exit
CZR,2025-10-10,32.81999969482422,closed,2025-10-10,36.52000045776367,3DHL entry; 3DHL exit
CZR,2025-10-10,32.88999938964844,closed,2025-10-10,36.52000045776367,3DHL entry; 3DHL exit
CZR,2025-10-10,35.34000015258789,closed,2025-10-10,36.52000045776367,3DHL entry; 3DHL exit
CZR,2025-10-10,35.040000915527344,closed,2025-10-10,36.52000045776367,3DHL entry; 3DHL exit
CZR,2025-10-10,34.869998931884766,closed,2025-10-10,36.52000045776367,3DHL entry; 3DHL exit
CZR,2025-10-10,29.950000762939453,closed,2025-10-10,36.52000045776367,3DHL entry; 3DHL exit
D,2025-10-10,60.400001525878906,closed,2025-10-10,53.52999877929688,3DHL entry; 3DHL exit
D,2025-10-10,59.13999938964844,closed,2025-10-10,53.52999877929688,3DHL entry; 3DHL exit
D,2025-10-10,58.91999816894531,closed,2025-10-10,53.52999877929688,3DHL entry; 3DHL exit
DAL,2025-10-10,60.0,closed,2025-10-10,61.04999923706055,3DHL entry; 3DHL exit
DIS,2025-10-10,118.9800033569336,closed,2025-10-10,112.11000061035156,3DHL entry; 3DHL exit
DIS,2025-10-10,119.91000366210938,closed,2025-10-10,112.11000061035156,3DHL entry; 3DHL exit
DIS,2025-10-10,119.54000091552734,closed,2025-10-10,112.11000061035156,3DHL entry; 3DHL exit
DIS,2025-10-10,119.11000061035156,closed,2025-10-10,112.11000061035156,3DHL entry; 3DHL exit
DIS,2025-10-10,116.58999633789062,closed,2025-10-10,112.11000061035156,3DHL entry; 3DHL exit
DIS,2025-10-10,112.55999755859376,closed,2025-10-10,112.11000061035156,3DHL entry; 3DHL exit
DLTR,2025-10-10,112.4800033569336,closed,2025-10-10,72.94000244140625,3DHL entry; 3DHL exit
DLTR,2025-10-10,102.02999877929688,closed,2025-10-10,72.94000244140625,3DHL entry; 3DHL exit
DOC,2025-10-10,19.61000061035156,closed,2025-10-10,20.709999084472656,3DHL entry; 3DHL exit
DOC,2025-10-10,19.459999084472656,closed,2025-10-10,20.709999084472656,3DHL entry; 3DHL exit
DOC,2025-10-10,20.1299991607666,closed,2025-10-10,20.709999084472656,3DHL entry; 3DHL exit
DOC,2025-10-10,18.850000381469727,closed,2025-10-10,20.709999084472656,3DHL entry; 3DHL exit
DOW,2025-10-10,36.16999816894531,closed,2025-10-10,40.11000061035156,3DHL entry; 3DHL exit
DOW,2025-10-10,35.2400016784668,closed,2025-10-10,40.11000061035156,3DHL entry; 3DHL exit
DOW,2025-10-10,34.36000061035156,closed,2025-10-10,40.11000061035156,3DHL entry; 3DHL exit
DOW,2025-10-10,34.91999816894531,closed,2025-10-10,40.11000061035156,3DHL entry; 3DHL exit
DVN,2025-10-10,34.880001068115234,closed,2025-10-10,32.59000015258789,3DHL entry; 3DHL exit
DVN,2025-10-10,35.06999969482422,closed,2025-10-10,32.59000015258789,3DHL entry; 3DHL exit
DVN,2025-10-10,35.880001068115234,closed,2025-10-10,32.59000015258789,3DHL entry; 3DHL exit
DVN,2025-10-10,35.459999084472656,closed,2025-10-10,32.59000015258789,3DHL entry; 3DHL exit
DVN,2025-10-10,34.7599983215332,closed,2025-10-10,32.59000015258789,3DHL entry; 3DHL exit
DVN,2025-10-10,34.5099983215332,closed,2025-10-10,32.59000015258789,3DHL entry; 3DHL exit
EBAY,2025-10-10,77.36000061035156,closed,2025-10-10,64.2300033569336,3DHL entry; 3DHL exit
EBAY,2025-10-10,77.55999755859375,closed,2025-10-10,64.2300033569336,3DHL entry; 3DHL exit
EBAY,2025-10-10,92.8000030517578,closed,2025-10-10,64.2300033569336,3DHL entry; 3DHL exit
EBAY,2025-10-10,90.61000061035156,closed,2025-10-10,64.2300033569336,3DHL entry; 3DHL exit
EBAY,2025-10-10,89.88999938964844,closed,2025-10-10,64.2300033569336,3DHL entry; 3DHL exit
EBAY,2025-10-10,90.16000366210938,closed,2025-10-10,64.2300033569336,3DHL entry; 3DHL exit
ENPH,2025-10-10,66.87000274658203,closed,2025-10-10,71.62000274658203,3DHL entry; 3DHL exit
ENPH,2025-10-10,60.869998931884766,closed,2025-10-10,71.62000274658203,3DHL entry; 3DHL exit
ENPH,2025-10-10,57.33000183105469,closed,2025-10-10,71.62000274658203,3DHL entry; 3DHL exit
ENPH,2025-10-10,52.869998931884766,closed,2025-10-10,71.62000274658203,3DHL entry; 3DHL exit
ENPH,2025-10-10,58.0099983215332,closed,2025-10-10,71.62000274658203,3DHL entry; 3DHL exit
EQT,2025-10-10,58.150001525878906,closed,2025-10-10,44.81999969482422,3DHL entry; 3DHL exit
EXC,2025-10-10,43.61000061035156,closed,2025-10-10,37.18999862670898,3DHL entry; 3DHL exit
EXC,2025-10-10,43.66999816894531,closed,2025-10-10,37.18999862670898,3DHL entry; 3DHL exit
EXC,2025-10-10,43.7599983215332,closed,2025-10-10,37.18999862670898,3DHL entry; 3DHL exit
EXC,2025-10-10,43.68000030517578,closed,2025-10-10,37.18999862670898,3DHL entry; 3DHL exit
EXC,2025-10-10,43.369998931884766,closed,2025-10-10,37.18999862670898,3DHL entry; 3DHL exit
EXC,2025-10-10,43.380001068115234,closed,2025-10-10,37.18999862670898,3DHL entry; 3DHL exit
F,2025-10-10,11.15999984741211,closed,2025-10-10,9.989999771118164,3DHL entry; 3DHL exit
F,2025-10-10,11.420000076293944,closed,2025-10-10,9.989999771118164,3DHL entry; 3DHL exit
F,2025-10-10,11.5,closed,2025-10-10,9.989999771118164,3DHL entry; 3DHL exit
FAST,2025-10-10,47.54999923706055,closed,2025-10-10,39.06999969482422,3DHL entry; 3DHL exit
FAST,2025-10-10,46.709999084472656,closed,2025-10-10,39.06999969482422,3DHL entry; 3DHL exit
FCX,2025-10-10,40.220001220703125,closed,2025-10-10,40.7400016784668,3DHL entry; 3DHL exit
FCX,2025-10-10,40.93999862670898,closed,2025-10-10,40.7400016784668,3DHL entry; 3DHL exit
FCX,2025-10-10,44.119998931884766,closed,2025-10-10,40.7400016784668,3DHL entry; 3DHL exit
FCX,2025-10-10,41.310001373291016,closed,2025-10-10,40.7400016784668,3DHL entry; 3DHL exit
FE,2025-10-10,42.5099983215332,closed,2025-10-10,39.900001525878906,3DHL entry; 3DHL exit
FE,2025-10-10,41.720001220703125,closed,2025-10-10,39.900001525878906,3DHL entry; 3DHL exit
FE,2025-10-10,43.41999816894531,closed,2025-10-10,39.900001525878906,3DHL entry; 3DHL exit
FITB,2025-10-10,42.2599983215332,closed,2025-10-10,45.61000061035156,3DHL entry; 3DHL exit
FITB,2025-10-10,42.93000030517578,closed,2025-10-10,45.61000061035156,3DHL entry; 3DHL exit
FITB,2025-10-10,42.16999816894531,closed,2025-10-10,45.61000061035156,3DHL entry; 3DHL exit
FITB,2025-10-10,42.38999938964844,closed,2025-10-10,45.61000061035156,3DHL entry; 3DHL exit
FITB,2025-10-10,41.72999954223633,closed,2025-10-10,45.61000061035156,3DHL entry; 3DHL exit
FITB,2025-10-10,42.9900016784668,closed,2025-10-10,45.61000061035156,3DHL entry; 3DHL exit
GILD,2025-10-10,108.8000030517578,closed,2025-10-10,92.0500030517578,3DHL entry; 3DHL exit
GILD,2025-10-10,110.27999877929688,closed,2025-10-10,92.0500030517578,3DHL entry; 3DHL exit
GILD,2025-10-10,112.97000122070312,closed,2025-10-10,92.0500030517578,3DHL entry; 3DHL exit
GIS,2025-10-10,60.970001220703125,closed,2025-10-10,65.5999984741211,3DHL entry; 3DHL exit
GIS,2025-10-10,58.5,closed,2025-10-10,65.5999984741211,3DHL entry; 3DHL exit
GIS,2025-10-10,59.84999847412109,closed,2025-10-10,65.5999984741211,3DHL entry; 3DHL exit
GIS,2025-10-10,59.560001373291016,closed,2025-10-10,65.5999984741211,3DHL entry; 3DHL exit
GIS,2025-10-10,58.060001373291016,closed,2025-10-10,65.5999984741211,3DHL entry; 3DHL exit
GIS,2025-10-10,56.13999938964844,closed,2025-10-10,65.5999984741211,3DHL entry; 3DHL exit
GM,2025-10-10,59.36000061035156,closed,2025-10-10,52.2400016784668,3DHL entry; 3DHL exit
GM,2025-10-10,60.130001068115234,closed,2025-10-10,52.2400016784668,3DHL entry; 3DHL exit
GM,2025-10-10,58.18999862670898,closed,2025-10-10,52.2400016784668,3DHL entry; 3DHL exit
GM,2025-10-10,57.2599983215332,closed,2025-10-10,52.2400016784668,3DHL entry; 3DHL exit
GM,2025-10-10,56.400001525878906,closed,2025-10-10,52.2400016784668,3DHL entry; 3DHL exit
GM,2025-10-10,55.91999816894531,closed,2025-10-10,52.2400016784668,3DHL entry; 3DHL exit
GOOG,2025-10-10,190.44000244140625,closed,2025-10-10,198.1600036621093,3DHL entry; 3DHL exit
GOOG,2025-10-10,190.6300048828125,closed,2025-10-10,198.1600036621093,3DHL entry; 3DHL exit
GOOG,2025-10-10,192.2899932861328,closed,2025-10-10,198.1600036621093,3DHL entry; 3DHL exit
GOOGL,2025-10-10,189.3000030517578,closed,2025-10-10,196.6600036621093,3DHL entry; 3DHL exit
HAL,2025-10-10,25.770000457763672,closed,2025-10-10,27.8700008392334,3DHL entry; 3DHL exit
HAL,2025-10-10,25.96999931335449,closed,2025-10-10,27.8700008392334,3DHL entry; 3DHL exit
HAL,2025-10-10,27.799999237060547,closed,2025-10-10,27.8700008392334,3DHL entry; 3DHL exit
HAL,2025-10-10,27.25,closed,2025-10-10,27.8700008392334,3DHL entry; 3DHL exit
HAL,2025-10-10,26.64999961853028,closed,2025-10-10,27.8700008392334,3DHL entry; 3DHL exit
HAL,2025-10-10,26.3700008392334,closed,2025-10-10,27.8700008392334,3DHL entry; 3DHL exit
HAL,2025-10-10,25.3700008392334,closed,2025-10-10,27.8700008392334,3DHL entry; 3DHL exit
HBAN,2025-10-10,16.559999465942383,closed,2025-10-10,17.260000228881836,3DHL entry; 3DHL exit
HBAN,2025-10-10,16.639999389648438,closed,2025-10-10,17.260000228881836,3DHL entry; 3DHL exit
HPE,2025-10-10,24.209999084472656,closed,2025-10-10,21.850000381469727,3DHL entry; 3DHL exit
HPE,2025-10-10,24.0,closed,2025-10-10,21.850000381469727,3DHL entry; 3DHL exit
HPQ,2025-10-10,32.459999084472656,closed,2025-10-10,34.189998626708984,3DHL entry; 3DHL exit
HPQ,2025-10-10,32.619998931884766,closed,2025-10-10,34.189998626708984,3DHL entry; 3DHL exit
HPQ,2025-10-10,32.7400016784668,closed,2025-10-10,34.189998626708984,3DHL entry; 3DHL exit
HPQ,2025-10-10,33.130001068115234,closed,2025-10-10,34.189998626708984,3DHL entry; 3DHL exit
HPQ,2025-10-10,30.8700008392334,closed,2025-10-10,34.189998626708984,3DHL entry; 3DHL exit
HPQ,2025-10-10,28.46999931335449,closed,2025-10-10,34.189998626708984,3DHL entry; 3DHL exit
HPQ,2025-10-10,28.64999961853028,closed,2025-10-10,34.189998626708984,3DHL entry; 3DHL exit
HRL,2025-10-10,30.13999938964844,closed,2025-10-10,32.34000015258789,3DHL entry; 3DHL exit
HRL,2025-10-10,30.440000534057617,closed,2025-10-10,32.34000015258789,3DHL entry; 3DHL exit
HRL,2025-10-10,29.600000381469727,closed,2025-10-10,32.34000015258789,3DHL entry; 3DHL exit
HRL,2025-10-10,29.88999938964844,closed,2025-10-10,32.34000015258789,3DHL entry; 3DHL exit
HRL,2025-10-10,29.709999084472656,closed,2025-10-10,32.34000015258789,3DHL entry; 3DHL exit
HRL,2025-10-10,29.520000457763672,closed,2025-10-10,32.34000015258789,3DHL entry; 3DHL exit
HRL,2025-10-10,29.61000061035156,closed,2025-10-10,32.34000015258789,3DHL entry; 3DHL exit
HRL,2025-10-10,30.15999984741211,closed,2025-10-10,32.34000015258789,3DHL entry; 3DHL exit
HST,2025-10-10,17.520000457763672,closed,2025-10-10,18.65999984741211,3DHL entry; 3DHL exit
HST,2025-10-10,17.200000762939453,closed,2025-10-10,18.65999984741211,3DHL entry; 3DHL exit
HST,2025-10-10,17.450000762939453,closed,2025-10-10,18.65999984741211,3DHL entry; 3DHL exit
HST,2025-10-10,17.079999923706055,closed,2025-10-10,18.65999984741211,3DHL entry; 3DHL exit
HST,2025-10-10,16.25,closed,2025-10-10,18.65999984741211,3DHL entry; 3DHL exit
HST,2025-10-10,16.020000457763672,closed,2025-10-10,18.65999984741211,3DHL entry; 3DHL exit
HST,2025-10-10,16.25,closed,2025-10-10,18.65999984741211,3DHL entry; 3DHL exit
HST,2025-10-10,16.190000534057617,closed,2025-10-10,18.65999984741211,3DHL entry; 3DHL exit
IBM,2025-10-10,257.75,closed,2025-10-10,229.3300018310547,3DHL entry; 3DHL exit
IBM,2025-10-10,255.83999633789065,closed,2025-10-10,229.3300018310547,3DHL entry; 3DHL exit
IBM,2025-10-10,258.6300048828125,closed,2025-10-10,229.3300018310547,3DHL entry; 3DHL exit
IBM,2025-10-10,281.9200134277344,closed,2025-10-10,229.3300018310547,3DHL entry; 3DHL exit
INTC,2025-10-10,23.6200008392334,closed,2025-10-10,20.82999992370605,3DHL entry; 3DHL exit
INTC,2025-10-10,22.709999084472656,closed,2025-10-10,20.82999992370605,3DHL entry; 3DHL exit
INTC,2025-10-10,22.709999084472656,closed,2025-10-10,20.82999992370605,3DHL entry; 3DHL exit
INVH,2025-10-10,32.88999938964844,closed,2025-10-10,33.130001068115234,3DHL entry; 3DHL exit
INVH,2025-10-10,33.0099983215332,closed,2025-10-10,33.130001068115234,3DHL entry; 3DHL exit
IP,2025-10-10,53.84000015258789,closed,2025-10-10,55.790000915527344,3DHL entry; 3DHL exit
IP,2025-10-10,57.04999923706055,closed,2025-10-10,55.790000915527344,3DHL entry; 3DHL exit
IP,2025-10-10,53.880001068115234,closed,2025-10-10,55.790000915527344,3DHL entry; 3DHL exit
IP,2025-10-10,55.29999923706055,closed,2025-10-10,55.790000915527344,3DHL entry; 3DHL exit
IP,2025-10-10,53.34999847412109,closed,2025-10-10,55.790000915527344,3DHL entry; 3DHL exit
IPG,2025-10-10,28.5,closed,2025-10-10,29.920000076293945,3DHL entry; 3DHL exit
IPG,2025-10-10,28.34000015258789,closed,2025-10-10,29.920000076293945,3DHL entry; 3DHL exit
IPG,2025-10-10,26.63999938964844,closed,2025-10-10,29.920000076293945,3DHL entry; 3DHL exit
IPG,2025-10-10,26.81999969482422,closed,2025-10-10,29.920000076293945,3DHL entry; 3DHL exit
IPG,2025-10-10,27.170000076293945,closed,2025-10-10,29.920000076293945,3DHL entry; 3DHL exit
IPG,2025-10-10,26.780000686645508,closed,2025-10-10,29.920000076293945,3DHL entry; 3DHL exit
IPG,2025-10-10,26.09000015258789,closed,2025-10-10,29.920000076293945,3DHL entry; 3DHL exit
IPG,2025-10-10,26.43000030517578,closed,2025-10-10,29.920000076293945,3DHL entry; 3DHL exit
JPM,2025-10-10,307.54998779296875,closed,2025-10-10,239.5800018310547,3DHL entry; 3DHL exit
JPM,2025-10-10,305.5299987792969,closed,2025-10-10,239.5800018310547,3DHL entry; 3DHL exit
KDP,2025-10-10,33.08000183105469,closed,2025-10-10,33.119998931884766,3DHL entry; 3DHL exit
KDP,2025-10-10,32.720001220703125,closed,2025-10-10,33.119998931884766,3DHL entry; 3DHL exit
KDP,2025-10-10,33.209999084472656,closed,2025-10-10,33.119998931884766,3DHL entry; 3DHL exit
KEY,2025-10-10,17.09000015258789,closed,2025-10-10,18.200000762939453,3DHL entry; 3DHL exit
KEY,2025-10-10,17.559999465942383,closed,2025-10-10,18.200000762939453,3DHL entry; 3DHL exit
KEY,2025-10-10,17.649999618530273,closed,2025-10-10,18.200000762939453,3DHL entry; 3DHL exit
KEY,2025-10-10,18.6299991607666,closed,2025-10-10,18.200000762939453,3DHL entry; 3DHL exit
KHC,2025-10-10,30.100000381469727,closed,2025-10-10,30.96999931335449,3DHL entry; 3DHL exit
KHC,2025-10-10,29.770000457763672,closed,2025-10-10,30.96999931335449,3DHL entry; 3DHL exit
KHC,2025-10-10,29.65999984741211,closed,2025-10-10,30.96999931335449,3DHL entry; 3DHL exit
KHC,2025-10-10,28.51000022888184,closed,2025-10-10,30.96999931335449,3DHL entry; 3DHL exit
KHC,2025-10-10,28.780000686645508,closed,2025-10-10,30.96999931335449,3DHL entry; 3DHL exit
KHC,2025-10-10,28.61000061035156,closed,2025-10-10,30.96999931335449,3DHL entry; 3DHL exit
KHC,2025-10-10,29.520000457763672,closed,2025-10-10,30.96999931335449,3DHL entry; 3DHL exit
KHC,2025-10-10,29.1200008392334,closed,2025-10-10,30.96999931335449,3DHL entry; 3DHL exit
KHC,2025-10-10,29.100000381469727,closed,2025-10-10,30.96999931335449,3DHL entry; 3DHL exit
KHC,2025-10-10,29.489999771118164,closed,2025-10-10,30.96999931335449,3DHL entry; 3DHL exit
KHC,2025-10-10,28.809999465942383,closed,2025-10-10,30.96999931335449,3DHL entry; 3DHL exit
KHC,2025-10-10,28.8700008392334,closed,2025-10-10,30.96999931335449,3DHL entry; 3DHL exit
KMI,2025-10-10,28.3700008392334,closed,2025-10-10,26.559999465942383,3DHL entry; 3DHL exit
KMI,2025-10-10,28.01000022888184,closed,2025-10-10,26.559999465942383,3DHL entry; 3DHL exit
KO,2025-10-10,69.62000274658203,closed,2025-10-10,63.400001525878906,3DHL entry; 3DHL exit
KO,2025-10-10,69.16000366210938,closed,2025-10-10,63.400001525878906,3DHL entry; 3DHL exit
KO,2025-10-10,71.91000366210938,closed,2025-10-10,63.400001525878906,3DHL entry; 3DHL exit
KO,2025-10-10,71.69999694824219,closed,2025-10-10,63.400001525878906,3DHL entry; 3DHL exit
KO,2025-10-10,69.52999877929688,closed,2025-10-10,63.400001525878906,3DHL entry; 3DHL exit
KO,2025-10-10,69.62000274658203,closed,2025-10-10,63.400001525878906,3DHL entry; 3DHL exit
KO,2025-10-10,69.20999908447266,closed,2025-10-10,63.400001525878906,3DHL entry; 3DHL exit
KO,2025-10-10,68.83999633789062,closed,2025-10-10,63.400001525878906,3DHL entry; 3DHL exit
KO,2025-10-10,68.83000183105469,closed,2025-10-10,63.400001525878906,3DHL entry; 3DHL exit
KR,2025-10-10,69.04000091552734,closed,2025-10-10,62.02000045776367,3DHL entry; 3DHL exit
KR,2025-10-10,67.48999786376953,closed,2025-10-10,62.02000045776367,3DHL entry; 3DHL exit
KR,2025-10-10,71.41999816894531,closed,2025-10-10,62.02000045776367,3DHL entry; 3DHL exit
KR,2025-10-10,67.45999908447266,closed,2025-10-10,62.02000045776367,3DHL entry; 3DHL exit
KR,2025-10-10,67.62999725341797,closed,2025-10-10,62.02000045776367,3DHL entry; 3DHL exit
KVUE,2025-10-10,21.780000686645508,closed,2025-10-10,22.06999969482422,3DHL entry; 3DHL exit
KVUE,2025-10-10,23.11000061035156,closed,2025-10-10,22.06999969482422,3DHL entry; 3DHL exit
KVUE,2025-10-10,21.68000030517578,closed,2025-10-10,22.06999969482422,3DHL entry; 3DHL exit
LUV,2025-10-10,33.59000015258789,closed,2025-10-10,32.810001373291016,3DHL entry; 3DHL exit
LUV,2025-10-10,33.58000183105469,closed,2025-10-10,32.810001373291016,3DHL entry; 3DHL exit
LUV,2025-10-10,31.86000061035156,closed,2025-10-10,32.810001373291016,3DHL entry; 3DHL exit
LUV,2025-10-10,32.599998474121094,closed,2025-10-10,32.810001373291016,3DHL entry; 3DHL exit
LUV,2025-10-10,32.27000045776367,closed,2025-10-10,32.810001373291016,3DHL entry; 3DHL exit
LUV,2025-10-10,31.729999542236328,closed,2025-10-10,32.810001373291016,3DHL entry; 3DHL exit
LVS,2025-10-10,47.209999084472656,closed,2025-10-10,52.4900016784668,3DHL entry; 3DHL exit
LVS,2025-10-10,46.869998931884766,closed,2025-10-10,52.4900016784668,3DHL entry; 3DHL exit
LVS,2025-10-10,48.66999816894531,closed,2025-10-10,52.4900016784668,3DHL entry; 3DHL exit
LVS,2025-10-10,48.27000045776367,closed,2025-10-10,52.4900016784668,3DHL entry; 3DHL exit
LVS,2025-10-10,48.52000045776367,closed,2025-10-10,52.4900016784668,3DHL entry; 3DHL exit
LVS,2025-10-10,55.11000061035156,closed,2025-10-10,52.4900016784668,3DHL entry; 3DHL exit
LVS,2025-10-10,53.70000076293945,closed,2025-10-10,52.4900016784668,3DHL entry; 3DHL exit
LVS,2025-10-10,53.75,closed,2025-10-10,52.4900016784668,3DHL entry; 3DHL exit
MCHP,2025-10-10,67.80999755859375,closed,2025-10-10,59.08000183105469,3DHL entry; 3DHL exit
MCHP,2025-10-10,66.36000061035156,closed,2025-10-10,59.08000183105469,3DHL entry; 3DHL exit
MCHP,2025-10-10,63.27999877929688,closed,2025-10-10,59.08000183105469,3DHL entry; 3DHL exit
MDLZ,2025-10-10,64.69000244140625,closed,2025-10-10,61.4900016784668,3DHL entry; 3DHL exit
MDLZ,2025-10-10,64.30999755859375,closed,2025-10-10,61.4900016784668,3DHL entry; 3DHL exit
MDLZ,2025-10-10,65.58999633789062,closed,2025-10-10,61.4900016784668,3DHL entry; 3DHL exit
MDLZ,2025-10-10,66.37000274658203,closed,2025-10-10,61.4900016784668,3DHL entry; 3DHL exit
MDLZ,2025-10-10,65.83000183105469,closed,2025-10-10,61.4900016784668,3DHL entry; 3DHL exit
MDLZ,2025-10-10,64.13999938964844,closed,2025-10-10,61.4900016784668,3DHL entry; 3DHL exit
MDLZ,2025-10-10,66.8499984741211,closed,2025-10-10,61.4900016784668,3DHL entry; 3DHL exit
MDLZ,2025-10-10,67.1500015258789,closed,2025-10-10,61.4900016784668,3DHL entry; 3DHL exit
MDT,2025-10-10,90.33000183105467,closed,2025-10-10,81.3499984741211,3DHL entry; 3DHL exit
MDT,2025-10-10,91.63999938964844,closed,2025-10-10,81.3499984741211,3DHL entry; 3DHL exit
MDT,2025-10-10,90.23999786376952,closed,2025-10-10,81.3499984741211,3DHL entry; 3DHL exit
MDT,2025-10-10,89.33999633789062,closed,2025-10-10,81.3499984741211,3DHL entry; 3DHL exit
META,2025-10-10,694.8400268554688,closed,2025-10-10,624.239990234375,3DHL entry; 3DHL exit
META,2025-10-10,683.5499877929688,closed,2025-10-10,624.239990234375,3DHL entry; 3DHL exit
META,2025-10-10,668.1300048828125,closed,2025-10-10,624.239990234375,3DHL entry; 3DHL exit
META,2025-10-10,701.4099731445312,closed,2025-10-10,624.239990234375,3DHL entry; 3DHL exit
META,2025-10-10,704.280029296875,closed,2025-10-10,624.239990234375,3DHL entry; 3DHL exit
META,2025-10-10,747.719970703125,closed,2025-10-10,624.239990234375,3DHL entry; 3DHL exit
META,2025-10-10,751.1099853515625,closed,2025-10-10,624.239990234375,3DHL entry; 3DHL exit
META,2025-10-10,738.7000122070312,closed,2025-10-10,624.239990234375,3DHL entry; 3DHL exit
META,2025-10-10,735.1099853515625,closed,2025-10-10,624.239990234375,3DHL entry; 3DHL exit
MGM,2025-10-10,34.66999816894531,closed,2025-10-10,35.279998779296875,3DHL entry; 3DHL exit
MGM,2025-10-10,34.7599983215332,closed,2025-10-10,35.279998779296875,3DHL entry; 3DHL exit
MGM,2025-10-10,36.20000076293945,closed,2025-10-10,35.279998779296875,3DHL entry; 3DHL exit
MGM,2025-10-10,36.0,closed,2025-10-10,35.279998779296875,3DHL entry; 3DHL exit
MGM,2025-10-10,35.95000076293945,closed,2025-10-10,35.279998779296875,3DHL entry; 3DHL exit
MGM,2025-10-10,35.34000015258789,closed,2025-10-10,35.279998779296875,3DHL entry; 3DHL exit
MGM,2025-10-10,34.54999923706055,closed,2025-10-10,35.279998779296875,3DHL entry; 3DHL exit
MNST,2025-10-10,61.709999084472656,closed,2025-10-10,52.25,3DHL entry; 3DHL exit
MNST,2025-10-10,59.16999816894531,closed,2025-10-10,52.25,3DHL entry; 3DHL exit
MNST,2025-10-10,58.83000183105469,closed,2025-10-10,52.25,3DHL entry; 3DHL exit
MNST,2025-10-10,61.72999954223633,closed,2025-10-10,52.25,3DHL entry; 3DHL exit
MNST,2025-10-10,63.97999954223633,closed,2025-10-10,52.25,3DHL entry; 3DHL exit
MO,2025-10-10,66.41000366210938,closed,2025-10-10,54.70000076293945,3DHL entry; 3DHL exit
MO,2025-10-10,66.41999816894531,closed,2025-10-10,54.70000076293945,3DHL entry; 3DHL exit
MO,2025-10-10,63.790000915527344,closed,2025-10-10,54.70000076293945,3DHL entry; 3DHL exit
MOS,2025-10-10,35.099998474121094,closed,2025-10-10,25.84000015258789,3DHL entry; 3DHL exit
MOS,2025-10-10,36.45000076293945,closed,2025-10-10,25.84000015258789,3DHL entry; 3DHL exit
MOS,2025-10-10,35.27000045776367,closed,2025-10-10,25.84000015258789,3DHL entry; 3DHL exit
MOS,2025-10-10,32.619998931884766,closed,2025-10-10,25.84000015258789,3DHL entry; 3DHL exit
MRK,2025-10-10,95.68000030517578,closed,2025-10-10,100.05999755859376,3DHL entry; 3DHL exit
MRK,2025-10-10,86.4000015258789,closed,2025-10-10,100.05999755859376,3DHL entry; 3DHL exit
MRK,2025-10-10,86.54000091552734,closed,2025-10-10,100.05999755859376,3DHL entry; 3DHL exit
MRK,2025-10-10,87.87000274658203,closed,2025-10-10,100.05999755859376,3DHL entry; 3DHL exit
MRNA,2025-10-10,39.560001373291016,closed,2025-10-10,41.84000015258789,3DHL entry; 3DHL exit
MRNA,2025-10-10,39.41999816894531,closed,2025-10-10,41.84000015258789,3DHL entry; 3DHL exit
MRNA,2025-10-10,36.54999923706055,closed,2025-10-10,41.84000015258789,3DHL entry; 3DHL exit
MRNA,2025-10-10,34.16999816894531,closed,2025-10-10,41.84000015258789,3DHL entry; 3DHL exit
MRNA,2025-10-10,31.8700008392334,closed,2025-10-10,41.84000015258789,3DHL entry; 3DHL exit
MRNA,2025-10-10,30.93000030517578,closed,2025-10-10,41.84000015258789,3DHL entry; 3DHL exit
MRNA,2025-10-10,30.53499984741211,closed,2025-10-10,41.84000015258789,3DHL entry; 3DHL exit
MRNA,2025-10-10,30.959999084472656,closed,2025-10-10,41.84000015258789,3DHL entry; 3DHL exit
MRNA,2025-10-10,33.31999969482422,closed,2025-10-10,41.84000015258789,3DHL entry; 3DHL exit
MRNA,2025-10-10,32.45000076293945,closed,2025-10-10,41.84000015258789,3DHL entry; 3DHL exit
MRNA,2025-10-10,32.65999984741211,closed,2025-10-10,41.84000015258789,3DHL entry; 3DHL exit
MRNA,2025-10-10,31.1200008392334,closed,2025-10-10,41.84000015258789,3DHL entry; 3DHL exit
MS,2025-10-10,144.1199951171875,closed,2025-10-10,129.02999877929688,3DHL entry; 3DHL exit
MSFT,2025-10-10,505.8699951171875,closed,2025-10-10,451.5899963378906,3DHL entry; 3DHL exit
MSFT,2025-10-10,520.8400268554688,closed,2025-10-10,451.5899963378906,3DHL entry; 3DHL exit
MSFT,2025-10-10,505.7200012207031,closed,2025-10-10,451.5899963378906,3DHL entry; 3DHL exit
MSFT,2025-10-10,504.239990234375,closed,2025-10-10,451.5899963378906,3DHL entry; 3DHL exit
MSFT,2025-10-10,507.0299987792969,closed,2025-10-10,451.5899963378906,3DHL entry; 3DHL exit
MU,2025-10-10,120.88999938964844,closed,2025-10-10,108.26000213623048,3DHL entry; 3DHL exit
MU,2025-10-10,121.73999786376952,closed,2025-10-10,108.26000213623048,3DHL entry; 3DHL exit
NCLH,2025-10-10,25.68000030517578,closed,2025-10-10,26.6200008392334,3DHL entry; 3DHL exit
NCLH,2025-10-10,26.229999542236328,closed,2025-10-10,26.6200008392334,3DHL entry; 3DHL exit
NCLH,2025-10-10,24.11000061035156,closed,2025-10-10,26.6200008392334,3DHL entry; 3DHL exit
NCLH,2025-10-10,25.38999938964844,closed,2025-10-10,26.6200008392334,3DHL entry; 3DHL exit
NEE,2025-10-10,71.33999633789062,closed,2025-10-10,72.79000091552734,3DHL entry; 3DHL exit
NEE,2025-10-10,74.83999633789062,closed,2025-10-10,72.79000091552734,3DHL entry; 3DHL exit
NEE,2025-10-10,73.88999938964844,closed,2025-10-10,72.79000091552734,3DHL entry; 3DHL exit
NEE,2025-10-10,72.08999633789062,closed,2025-10-10,72.79000091552734,3DHL entry; 3DHL exit
NEE,2025-10-10,72.05000305175781,closed,2025-10-10,72.79000091552734,3DHL entry; 3DHL exit
NEE,2025-10-10,72.6500015258789,closed,2025-10-10,72.79000091552734,3DHL entry; 3DHL exit
NEE,2025-10-10,71.62999725341797,closed,2025-10-10,72.79000091552734,3DHL entry; 3DHL exit
NKE,2025-10-10,72.63999938964844,closed,2025-10-10,78.0,3DHL entry; 3DHL exit
NKE,2025-10-10,71.66000366210938,closed,2025-10-10,78.0,3DHL entry; 3DHL exit
NKE,2025-10-10,74.62000274658203,closed,2025-10-10,78.0,3DHL entry; 3DHL exit
OMC,2025-10-10,87.88999938964844,closed,2025-10-10,90.88999938964844,3DHL entry; 3DHL exit
OMC,2025-10-10,84.13999938964844,closed,2025-10-10,90.88999938964844,3DHL entry; 3DHL exit
OMC,2025-10-10,82.06999969482422,closed,2025-10-10,90.88999938964844,3DHL entry; 3DHL exit
OMC,2025-10-10,83.16000366210938,closed,2025-10-10,90.88999938964844,3DHL entry; 3DHL exit
OMC,2025-10-10,81.2300033569336,closed,2025-10-10,90.88999938964844,3DHL entry; 3DHL exit
OMC,2025-10-10,79.4800033569336,closed,2025-10-10,90.88999938964844,3DHL entry; 3DHL exit
OMC,2025-10-10,79.43000030517578,closed,2025-10-10,90.88999938964844,3DHL entry; 3DHL exit
ON,2025-10-10,63.04999923706055,closed,2025-10-10,66.44000244140625,3DHL entry; 3DHL exit
ON,2025-10-10,61.709999084472656,closed,2025-10-10,66.44000244140625,3DHL entry; 3DHL exit
ON,2025-10-10,53.93999862670898,closed,2025-10-10,66.44000244140625,3DHL entry; 3DHL exit
ON,2025-10-10,55.869998931884766,closed,2025-10-10,66.44000244140625,3DHL entry; 3DHL exit
ON,2025-10-10,51.220001220703125,closed,2025-10-10,66.44000244140625,3DHL entry; 3DHL exit
ON,2025-10-10,50.54999923706055,closed,2025-10-10,66.44000244140625,3DHL entry; 3DHL exit
ON,2025-10-10,56.81999969482422,closed,2025-10-10,66.44000244140625,3DHL entry; 3DHL exit
ORCL,2025-10-10,283.4599914550781,closed,2025-10-10,171.22999572753906,3DHL entry; 3DHL exit
ORCL,2025-10-10,282.760009765625,closed,2025-10-10,171.22999572753906,3DHL entry; 3DHL exit
ORCL,2025-10-10,281.239990234375,closed,2025-10-10,171.22999572753906,3DHL entry; 3DHL exit
OXY,2025-10-10,50.20000076293945,closed,2025-10-10,46.59999847412109,3DHL entry; 3DHL exit
OXY,2025-10-10,49.0,closed,2025-10-10,46.59999847412109,3DHL entry; 3DHL exit
OXY,2025-10-10,48.83000183105469,closed,2025-10-10,46.59999847412109,3DHL entry; 3DHL exit
OXY,2025-10-10,48.91999816894531,closed,2025-10-10,46.59999847412109,3DHL entry; 3DHL exit
OXY,2025-10-10,46.650001525878906,closed,2025-10-10,46.59999847412109,3DHL entry; 3DHL exit
OXY,2025-10-10,46.369998931884766,closed,2025-10-10,46.59999847412109,3DHL entry; 3DHL exit
OXY,2025-10-10,48.88999938964844,closed,2025-10-10,46.59999847412109,3DHL entry; 3DHL exit
OXY,2025-10-10,48.54999923706055,closed,2025-10-10,46.59999847412109,3DHL entry; 3DHL exit
OXY,2025-10-10,45.7599983215332,closed,2025-10-10,46.59999847412109,3DHL entry; 3DHL exit
PANW,2025-10-10,190.38999938964844,closed,2025-10-10,202.5,3DHL entry; 3DHL exit
PANW,2025-10-10,188.009994506836,closed,2025-10-10,202.5,3DHL entry; 3DHL exit
PANW,2025-10-10,190.72000122070312,closed,2025-10-10,202.5,3DHL entry; 3DHL exit
PANW,2025-10-10,202.2100067138672,closed,2025-10-10,202.5,3DHL entry; 3DHL exit
PCG,2025-10-10,16.219999313354492,closed,2025-10-10,19.600000381469727,3DHL entry; 3DHL exit
PCG,2025-10-10,16.219999313354492,closed,2025-10-10,19.600000381469727,3DHL entry; 3DHL exit
PCG,2025-10-10,16.540000915527344,closed,2025-10-10,19.600000381469727,3DHL entry; 3DHL exit
PCG,2025-10-10,16.959999084472656,closed,2025-10-10,19.600000381469727,3DHL entry; 3DHL exit
PCG,2025-10-10,17.030000686645508,closed,2025-10-10,19.600000381469727,3DHL entry; 3DHL exit
PCG,2025-10-10,17.049999237060547,closed,2025-10-10,19.600000381469727,3DHL entry; 3DHL exit
PEP,2025-10-10,151.47000122070312,closed,2025-10-10,156.02000427246094,3DHL entry; 3DHL exit
PEP,2025-10-10,152.7899932861328,closed,2025-10-10,156.02000427246094,3DHL entry; 3DHL exit
PEP,2025-10-10,151.2899932861328,closed,2025-10-10,156.02000427246094,3DHL entry; 3DHL exit
PEP,2025-10-10,145.39999389648438,closed,2025-10-10,156.02000427246094,3DHL entry; 3DHL exit
PEP,2025-10-10,146.5399932861328,closed,2025-10-10,156.02000427246094,3DHL entry; 3DHL exit
PEP,2025-10-10,143.49000549316406,closed,2025-10-10,156.02000427246094,3DHL entry; 3DHL exit
PEP,2025-10-10,145.66000366210938,closed,2025-10-10,156.02000427246094,3DHL entry; 3DHL exit
PEP,2025-10-10,147.14999389648438,closed,2025-10-10,156.02000427246094,3DHL entry; 3DHL exit
PEP,2025-10-10,145.4499969482422,closed,2025-10-10,156.02000427246094,3DHL entry; 3DHL exit
PEP,2025-10-10,146.38999938964844,closed,2025-10-10,156.02000427246094,3DHL entry; 3DHL exit
PFE,2025-10-10,26.43000030517578,closed,2025-10-10,26.43000030517578,3DHL entry; 3DHL exit
PFE,2025-10-10,25.209999084472656,closed,2025-10-10,26.43000030517578,3DHL entry; 3DHL exit
PFE,2025-10-10,25.01000022888184,closed,2025-10-10,26.43000030517578,3DHL entry; 3DHL exit
PFE,2025-10-10,25.209999084472656,closed,2025-10-10,26.43000030517578,3DHL entry; 3DHL exit
PFE,2025-10-10,25.06999969482422,closed,2025-10-10,26.43000030517578,3DHL entry; 3DHL exit
PFE,2025-10-10,25.68000030517578,closed,2025-10-10,26.43000030517578,3DHL entry; 3DHL exit
PFE,2025-10-10,25.239999771118164,closed,2025-10-10,26.43000030517578,3DHL entry; 3DHL exit
PG,2025-10-10,169.19000244140625,closed,2025-10-10,171.13999938964844,3DHL entry; 3DHL exit
PG,2025-10-10,168.58999633789062,closed,2025-10-10,171.13999938964844,3DHL entry; 3DHL exit
PG,2025-10-10,167.97000122070312,closed,2025-10-10,171.13999938964844,3DHL entry; 3DHL exit
PLTR,2025-10-10,174.02999877929688,closed,2025-10-10,75.75,3DHL entry; 3DHL exit
PLTR,2025-10-10,157.75,closed,2025-10-10,75.75,3DHL entry; 3DHL exit
PLTR,2025-10-10,156.00999450683594,closed,2025-10-10,75.75,3DHL entry; 3DHL exit
PM,2025-10-10,164.8300018310547,closed,2025-10-10,125.94000244140624,3DHL entry; 3DHL exit
PM,2025-10-10,161.0800018310547,closed,2025-10-10,125.94000244140624,3DHL entry; 3DHL exit
PM,2025-10-10,164.19000244140625,closed,2025-10-10,125.94000244140624,3DHL entry; 3DHL exit
PM,2025-10-10,162.9600067138672,closed,2025-10-10,125.94000244140624,3DHL entry; 3DHL exit
PSKY,2025-10-10,13.479999542236328,closed,2025-10-10,10.979999542236328,3DHL entry; 3DHL exit
PSKY,2025-10-10,14.6899995803833,closed,2025-10-10,10.979999542236328,3DHL entry; 3DHL exit
PSKY,2025-10-10,14.699999809265137,closed,2025-10-10,10.979999542236328,3DHL entry; 3DHL exit
PSKY,2025-10-10,14.460000038146973,closed,2025-10-10,10.979999542236328,3DHL entry; 3DHL exit
PYPL,2025-10-10,83.36000061035156,closed,2025-10-10,91.3000030517578,3DHL entry; 3DHL exit
PYPL,2025-10-10,83.98999786376953,closed,2025-10-10,91.3000030517578,3DHL entry; 3DHL exit
PYPL,2025-10-10,89.7300033569336,closed,2025-10-10,91.3000030517578,3DHL entry; 3DHL exit
PYPL,2025-10-10,77.7249984741211,closed,2025-10-10,91.3000030517578,3DHL entry; 3DHL exit
PYPL,2025-10-10,75.25,closed,2025-10-10,91.3000030517578,3DHL entry; 3DHL exit
PYPL,2025-10-10,74.83000183105469,closed,2025-10-10,91.3000030517578,3DHL entry; 3DHL exit
QCOM,2025-10-10,156.97999572753906,closed,2025-10-10,157.88999938964844,3DHL entry; 3DHL exit
QCOM,2025-10-10,157.1300048828125,closed,2025-10-10,157.88999938964844,3DHL entry; 3DHL exit
QCOM,2025-10-10,161.10000610351562,closed,2025-10-10,157.88999938964844,3DHL entry; 3DHL exit
QCOM,2025-10-10,161.22000122070312,closed,2025-10-10,157.88999938964844,3DHL entry; 3DHL exit
QCOM,2025-10-10,157.4600067138672,closed,2025-10-10,157.88999938964844,3DHL entry; 3DHL exit
RF,2025-10-10,24.049999237060547,closed,2025-10-10,25.18000030517578,3DHL entry; 3DHL exit
RF,2025-10-10,25.32999992370605,closed,2025-10-10,25.18000030517578,3DHL entry; 3DHL exit
RF,2025-10-10,24.88999938964844,closed,2025-10-10,25.18000030517578,3DHL entry; 3DHL exit
RF,2025-10-10,25.309999465942383,closed,2025-10-10,25.18000030517578,3DHL entry; 3DHL exit
RTX,2025-10-10,155.75999450683594,closed,2025-10-10,118.11000061035156,3DHL entry; 3DHL exit
RTX,2025-10-10,151.75,closed,2025-10-10,118.11000061035156,3DHL entry; 3DHL exit
SBUX,2025-10-10,105.47000122070312,closed,2025-10-10,93.12000274658205,3DHL entry; 3DHL exit
SBUX,2025-10-10,106.4800033569336,closed,2025-10-10,93.12000274658205,3DHL entry; 3DHL exit
SBUX,2025-10-10,101.12999725341795,closed,2025-10-10,93.12000274658205,3DHL entry; 3DHL exit
SBUX,2025-10-10,99.58000183105467,closed,2025-10-10,93.12000274658205,3DHL entry; 3DHL exit
SBUX,2025-10-10,98.69000244140624,closed,2025-10-10,93.12000274658205,3DHL entry; 3DHL exit
SBUX,2025-10-10,96.04000091552734,closed,2025-10-10,93.12000274658205,3DHL entry; 3DHL exit
SCHW,2025-10-10,95.52999877929688,closed,2025-10-10,77.94000244140625,3DHL entry; 3DHL exit
SLB,2025-10-10,36.90999984741211,closed,2025-10-10,39.880001068115234,3DHL entry; 3DHL exit
SLB,2025-10-10,41.0099983215332,closed,2025-10-10,39.880001068115234,3DHL entry; 3DHL exit
SLB,2025-10-10,40.59999847412109,closed,2025-10-10,39.880001068115234,3DHL entry; 3DHL exit
SLB,2025-10-10,41.79999923706055,closed,2025-10-10,39.880001068115234,3DHL entry; 3DHL exit
SMCI,2025-10-10,41.650001525878906,closed,2025-10-10,33.439998626708984,3DHL entry; 3DHL exit
SMCI,2025-10-10,41.31999969482422,closed,2025-10-10,33.439998626708984,3DHL entry; 3DHL exit
SPY,2025-10-10,211.3600006103516,closed,2025-10-10,205.42999267578125,3DHL entry; 3DHL exit
SPY,2025-10-10,208.47999572753903,closed,2025-10-10,205.42999267578125,3DHL entry; 3DHL exit
SPY,2025-10-10,208.4499969482422,closed,2025-10-10,205.42999267578125,3DHL entry; 3DHL exit
SPY,2025-10-10,209.8600006103516,closed,2025-10-10,205.42999267578125,3DHL entry; 3DHL exit
SPY,2025-10-10,209.82000732421875,closed,2025-10-10,205.42999267578125,3DHL entry; 3DHL exit
SPY,2025-10-10,210.17999267578125,closed,2025-10-10,205.42999267578125,3DHL entry; 3DHL exit
SPY,2025-10-10,208.0,closed,2025-10-10,205.42999267578125,3DHL entry; 3DHL exit
SPY,2025-10-10,206.7899932861328,closed,2025-10-10,205.42999267578125,3DHL entry; 3DHL exit
SPY,2025-10-10,208.0800018310547,closed,2025-10-10,205.42999267578125,3DHL entry; 3DHL exit
SPY,2025-10-10,208.6100006103516,closed,2025-10-10,205.42999267578125,3DHL entry; 3DHL exit
SPY,2025-10-10,204.1999969482422,closed,2025-10-10,205.42999267578125,3DHL entry; 3DHL exit
SPY,2025-10-10,208.4499969482422,closed,2025-10-10,205.42999267578125,3DHL entry; 3DHL exit
SPY,2025-10-10,208.0399932861328,closed,2025-10-10,205.42999267578125,3DHL entry; 3DHL exit
SPY,2025-10-10,217.38999938964844,closed,2025-10-10,205.42999267578125,3DHL entry; 3DHL exit
SPY,2025-10-10,216.33999633789065,closed,2025-10-10,205.42999267578125,3DHL entry; 3DHL exit
SPY,2025-10-10,208.77999877929688,closed,2025-10-10,205.42999267578125,3DHL entry; 3DHL exit
SPY,2025-10-10,208.5500030517578,closed,2025-10-10,205.42999267578125,3DHL entry; 3DHL exit
SPY,2025-10-10,223.52999877929688,closed,2025-10-10,205.42999267578125,3DHL entry; 3DHL exit
SPY,2025-10-10,227.52999877929688,closed,2025-10-10,205.42999267578125,3DHL entry; 3DHL exit
SPY,2025-10-10,237.7100067138672,closed,2025-10-10,205.42999267578125,3DHL entry; 3DHL exit
SPY,2025-10-10,237.0,closed,2025-10-10,205.42999267578125,3DHL entry; 3DHL exit
SPY,2025-10-10,236.5599975585937,closed,2025-10-10,205.42999267578125,3DHL entry; 3DHL exit
SPY,2025-10-10,236.8600006103516,closed,2025-10-10,205.42999267578125,3DHL entry; 3DHL exit
SPY,2025-10-10,242.8999938964844,closed,2025-10-10,205.42999267578125,3DHL entry; 3DHL exit
SPY,2025-10-10,269.1300048828125,closed,2025-10-10,205.42999267578125,3DHL entry; 3DHL exit
SPY,2025-10-10,269.0799865722656,closed,2025-10-10,205.42999267578125,3DHL entry; 3DHL exit
SPY,2025-10-10,274.20001220703125,closed,2025-10-10,205.42999267578125,3DHL entry; 3DHL exit
SPY,2025-10-10,270.489990234375,closed,2025-10-10,205.42999267578125,3DHL entry; 3DHL exit
SPY,2025-10-10,266.57000732421875,closed,2025-10-10,205.42999267578125,3DHL entry; 3DHL exit
SPY,2025-10-10,275.5,closed,2025-10-10,205.42999267578125,3DHL entry; 3DHL exit
SPY,2025-10-10,289.8099975585937,closed,2025-10-10,205.42999267578125,3DHL entry; 3DHL exit
SPY,2025-10-10,289.0299987792969,closed,2025-10-10,205.42999267578125,3DHL entry; 3DHL exit
SPY,2025-10-10,288.1600036621094,closed,2025-10-10,205.42999267578125,3DHL entry; 3DHL exit
SPY,2025-10-10,287.6000061035156,closed,2025-10-10,205.42999267578125,3DHL entry; 3DHL exit
SPY,2025-10-10,287.82000732421875,closed,2025-10-10,205.42999267578125,3DHL entry; 3DHL exit
SPY,2025-10-10,290.4700012207031,closed,2025-10-10,205.42999267578125,3DHL entry; 3DHL exit
SPY,2025-10-10,298.8299865722656,closed,2025-10-10,205.42999267578125,3DHL entry; 3DHL exit
SPY,2025-10-10,283.82000732421875,closed,2025-10-10,205.42999267578125,3DHL entry; 3DHL exit
SPY,2025-10-10,309.54998779296875,closed,2025-10-10,205.42999267578125,3DHL entry; 3DHL exit
SPY,2025-10-10,322.4200134277344,closed,2025-10-10,205.42999267578125,3DHL entry; 3DHL exit
SPY,2025-10-10,312.6499938964844,closed,2025-10-10,205.42999267578125,3DHL entry; 3DHL exit
SPY,2025-10-10,311.5,closed,2025-10-10,205.42999267578125,3DHL entry; 3DHL exit
SPY,2025-10-10,304.2099914550781,closed,2025-10-10,205.42999267578125,3DHL entry; 3DHL exit
SPY,2025-10-10,307.04998779296875,closed,2025-10-10,205.42999267578125,3DHL entry; 3DHL exit
SPY,2025-10-10,304.4599914550781,closed,2025-10-10,205.42999267578125,3DHL entry; 3DHL exit
SPY,2025-10-10,333.2099914550781,closed,2025-10-10,205.42999267578125,3DHL entry; 3DHL exit
SPY,2025-10-10,326.9700012207031,closed,2025-10-10,205.42999267578125,3DHL entry; 3DHL exit
SPY,2025-10-10,326.5400085449219,closed,2025-10-10,205.42999267578125,3DHL entry; 3DHL exit
SPY,2025-10-10,357.7799987792969,closed,2025-10-10,205.42999267578125,3DHL entry; 3DHL exit
SPY,2025-10-10,389.7000122070313,closed,2025-10-10,205.42999267578125,3DHL entry; 3DHL exit
SPY,2025-10-10,405.4100036621094,closed,2025-10-10,205.42999267578125,3DHL entry; 3DHL exit
SPY,2025-10-10,414.9200134277344,closed,2025-10-10,205.42999267578125,3DHL entry; 3DHL exit
SPY,2025-10-10,439.8599853515625,closed,2025-10-10,205.42999267578125,3DHL entry; 3DHL exit
SPY,2025-10-10,450.9100036621094,closed,2025-10-10,205.42999267578125,3DHL entry; 3DHL exit
SPY,2025-10-10,444.1700134277344,closed,2025-10-10,205.42999267578125,3DHL entry; 3DHL exit
SPY,2025-10-10,428.6400146484375,closed,2025-10-10,205.42999267578125,3DHL entry; 3DHL exit
SPY,2025-10-10,466.0899963378906,closed,2025-10-10,205.42999267578125,3DHL entry; 3DHL exit
SPY,2025-10-10,465.510009765625,closed,2025-10-10,205.42999267578125,3DHL entry; 3DHL exit
SPY,2025-10-10,456.489990234375,closed,2025-10-10,205.42999267578125,3DHL entry; 3DHL exit
SPY,2025-10-10,451.75,closed,2025-10-10,205.42999267578125,3DHL entry; 3DHL exit
SPY,2025-10-10,446.75,closed,2025-10-10,205.42999267578125,3DHL entry; 3DHL exit
SPY,2025-10-10,452.9200134277344,closed,2025-10-10,205.42999267578125,3DHL entry; 3DHL exit
SPY,2025-10-10,399.0899963378906,closed,2025-10-10,205.42999267578125,3DHL entry; 3DHL exit
SPY,2025-10-10,398.5400085449219,closed,2025-10-10,205.42999267578125,3DHL entry; 3DHL exit
SPY,2025-10-10,412.2000122070313,closed,2025-10-10,205.42999267578125,3DHL entry; 3DHL exit
SPY,2025-10-10,405.1300048828125,closed,2025-10-10,205.42999267578125,3DHL entry; 3DHL exit
SPY,2025-10-10,436.510009765625,closed,2025-10-10,205.42999267578125,3DHL entry; 3DHL exit
SPY,2025-10-10,433.2099914550781,closed,2025-10-10,205.42999267578125,3DHL entry; 3DHL exit
SPY,2025-10-10,431.4400024414063,closed,2025-10-10,205.42999267578125,3DHL entry; 3DHL exit
SPY,2025-10-10,448.8399963378906,closed,2025-10-10,205.42999267578125,3DHL entry; 3DHL exit
SPY,2025-10-10,436.2900085449219,closed,2025-10-10,205.42999267578125,3DHL entry; 3DHL exit
SPY,2025-10-10,436.5,closed,2025-10-10,205.42999267578125,3DHL entry; 3DHL exit
SPY,2025-10-10,444.8500061035156,closed,2025-10-10,205.42999267578125,3DHL entry; 3DHL exit
SPY,2025-10-10,442.7099914550781,closed,2025-10-10,205.42999267578125,3DHL entry; 3DHL exit
SPY,2025-10-10,432.2300109863281,closed,2025-10-10,205.42999267578125,3DHL entry; 3DHL exit
SPY,2025-10-10,425.8800048828125,closed,2025-10-10,205.42999267578125,3DHL entry; 3DHL exit
SPY,2025-10-10,426.0499877929688,closed,2025-10-10,205.42999267578125,3DHL entry; 3DHL exit
SPY,2025-10-10,468.7900085449219,closed,2025-10-10,205.42999267578125,3DHL entry; 3DHL exit
SPY,2025-10-10,467.2799987792969,closed,2025-10-10,205.42999267578125,3DHL entry; 3DHL exit
SPY,2025-10-10,467.9200134277344,closed,2025-10-10,205.42999267578125,3DHL entry; 3DHL exit
SPY,2025-10-10,503.5299987792969,closed,2025-10-10,205.42999267578125,3DHL entry; 3DHL exit
SPY,2025-10-10,500.5499877929688,closed,2025-10-10,205.42999267578125,3DHL entry; 3DHL exit
SPY,2025-10-10,499.5199890136719,closed,2025-10-10,205.42999267578125,3DHL entry; 3DHL exit
SPY,2025-10-10,495.1600036621094,closed,2025-10-10,205.42999267578125,3DHL entry; 3DHL exit
SPY,2025-10-10,505.0299987792969,closed,2025-10-10,205.42999267578125,3DHL entry; 3DHL exit
SPY,2025-10-10,548.989990234375,closed,2025-10-10,205.42999267578125,3DHL entry; 3DHL exit
SPY,2025-10-10,549.6099853515625,closed,2025-10-10,205.42999267578125,3DHL entry; 3DHL exit
SPY,2025-10-10,540.3599853515625,closed,2025-10-10,205.42999267578125,3DHL entry; 3DHL exit
SPY,2025-10-10,577.989990234375,closed,2025-10-10,205.42999267578125,3DHL entry; 3DHL exit
SPY,2025-10-10,580.489990234375,closed,2025-10-10,205.42999267578125,3DHL entry; 3DHL exit
SPY,2025-10-10,581.3900146484375,closed,2025-10-10,205.42999267578125,3DHL entry; 3DHL exit
SPY,2025-10-10,597.2100219726562,closed,2025-10-10,205.42999267578125,3DHL entry; 3DHL exit
SPY,2025-10-10,594.239990234375,closed,2025-10-10,205.42999267578125,3DHL entry; 3DHL exit
SPY,2025-10-10,579.1099853515625,closed,2025-10-10,205.42999267578125,3DHL entry; 3DHL exit
SPY,2025-10-10,594.280029296875,closed,2025-10-10,205.42999267578125,3DHL entry; 3DHL exit
STX,2025-10-10,142.00999450683594,closed,2025-10-10,95.58000183105467,3DHL entry; 3DHL exit
STX,2025-10-10,148.10000610351562,closed,2025-10-10,95.58000183105467,3DHL entry; 3DHL exit
STX,2025-10-10,217.509994506836,closed,2025-10-10,95.58000183105467,3DHL entry; 3DHL exit
STX,2025-10-10,225.009994506836,closed,2025-10-10,95.58000183105467,3DHL entry; 3DHL exit
STX,2025-10-10,224.3500061035156,closed,2025-10-10,95.58000183105467,3DHL entry; 3DHL exit
STX,2025-10-10,221.6999969482422,closed,2025-10-10,95.58000183105467,3DHL entry; 3DHL exit
SW,2025-10-10,53.560001373291016,closed,2025-10-10,54.70000076293945,3DHL entry; 3DHL exit
SW,2025-10-10,53.2599983215332,closed,2025-10-10,54.70000076293945,3DHL entry; 3DHL exit
SW,2025-10-10,53.63999938964844,closed,2025-10-10,54.70000076293945,3DHL entry; 3DHL exit
SW,2025-10-10,50.93000030517578,closed,2025-10-10,54.70000076293945,3DHL entry; 3DHL exit
T,2025-10-10,27.01000022888184,closed,2025-10-10,22.84000015258789,3DHL entry; 3DHL exit
T,2025-10-10,27.420000076293945,closed,2025-10-10,22.84000015258789,3DHL entry; 3DHL exit
T,2025-10-10,27.6200008392334,closed,2025-10-10,22.84000015258789,3DHL entry; 3DHL exit
T,2025-10-10,26.96999931335449,closed,2025-10-10,22.84000015258789,3DHL entry; 3DHL exit
T,2025-10-10,28.920000076293945,closed,2025-10-10,22.84000015258789,3DHL entry; 3DHL exit
T,2025-10-10,28.790000915527344,closed,2025-10-10,22.84000015258789,3DHL entry; 3DHL exit
T,2025-10-10,28.31999969482422,closed,2025-10-10,22.84000015258789,3DHL entry; 3DHL exit
TFC,2025-10-10,43.31999969482422,closed,2025-10-10,45.290000915527344,3DHL entry; 3DHL exit
TFC,2025-10-10,46.380001068115234,closed,2025-10-10,45.290000915527344,3DHL entry; 3DHL exit
TFC,2025-10-10,46.459999084472656,closed,2025-10-10,45.290000915527344,3DHL entry; 3DHL exit
TFC,2025-10-10,45.34000015258789,closed,2025-10-10,45.290000915527344,3DHL entry; 3DHL exit
TFC,2025-10-10,45.150001525878906,closed,2025-10-10,45.290000915527344,3DHL entry; 3DHL exit
TFC,2025-10-10,43.709999084472656,closed,2025-10-10,45.290000915527344,3DHL entry; 3DHL exit
TFC,2025-10-10,45.119998931884766,closed,2025-10-10,45.290000915527344,3DHL entry; 3DHL exit
TGT,2025-10-10,137.91000366210938,closed,2025-10-10,132.4499969482422,3DHL entry; 3DHL exit
TGT,2025-10-10,134.16000366210938,closed,2025-10-10,132.4499969482422,3DHL entry; 3DHL exit
TGT,2025-10-10,125.7699966430664,closed,2025-10-10,132.4499969482422,3DHL entry; 3DHL exit
TSCO,2025-10-10,57.630001068115234,closed,2025-10-10,55.30400085449219,3DHL entry; 3DHL exit
TSCO,2025-10-10,58.45000076293945,closed,2025-10-10,55.30400085449219,3DHL entry; 3DHL exit
TSCO,2025-10-10,58.560001373291016,closed,2025-10-10,55.30400085449219,3DHL entry; 3DHL exit
TSCO,2025-10-10,57.34999847412109,closed,2025-10-10,55.30400085449219,3DHL entry; 3DHL exit
TSCO,2025-10-10,56.41999816894531,closed,2025-10-10,55.30400085449219,3DHL entry; 3DHL exit
TSCO,2025-10-10,56.52000045776367,closed,2025-10-10,55.30400085449219,3DHL entry; 3DHL exit
TSCO,2025-10-10,56.68999862670898,closed,2025-10-10,55.30400085449219,3DHL entry; 3DHL exit
TSLA,2025-10-10,430.6000061035156,closed,2025-10-10,463.0199890136719,3DHL entry; 3DHL exit
TSLA,2025-10-10,394.739990234375,closed,2025-10-10,463.0199890136719,3DHL entry; 3DHL exit
TSLA,2025-10-10,397.1499938964844,closed,2025-10-10,463.0199890136719,3DHL entry; 3DHL exit
TSLA,2025-10-10,398.0899963378906,closed,2025-10-10,463.0199890136719,3DHL entry; 3DHL exit
TSLA,2025-10-10,389.1000061035156,closed,2025-10-10,463.0199890136719,3DHL entry; 3DHL exit
TTD,2025-10-10,125.01000213623048,closed,2025-10-10,132.64999389648438,3DHL entry; 3DHL exit
TTD,2025-10-10,121.66999816894533,closed,2025-10-10,132.64999389648438,3DHL entry; 3DHL exit
TTD,2025-10-10,123.95999908447266,closed,2025-10-10,132.64999389648438,3DHL entry; 3DHL exit
TTD,2025-10-10,117.52999877929688,closed,2025-10-10,132.64999389648438,3DHL entry; 3DHL exit
TTD,2025-10-10,117.7300033569336,closed,2025-10-10,132.64999389648438,3DHL entry; 3DHL exit
TTD,2025-10-10,113.54000091552734,closed,2025-10-10,132.64999389648438,3DHL entry; 3DHL exit
TTD,2025-10-10,81.91999816894531,closed,2025-10-10,132.64999389648438,3DHL entry; 3DHL exit
TTD,2025-10-10,80.16000366210938,closed,2025-10-10,132.64999389648438,3DHL entry; 3DHL exit
TTD,2025-10-10,80.02999877929688,closed,2025-10-10,132.64999389648438,3DHL entry; 3DHL exit
TTD,2025-10-10,76.75,closed,2025-10-10,132.64999389648438,3DHL entry; 3DHL exit
TTD,2025-10-10,75.7300033569336,closed,2025-10-10,132.64999389648438,3DHL entry; 3DHL exit
TXN,2025-10-10,187.509994506836,closed,2025-10-10,189.4600067138672,3DHL entry; 3DHL exit
TXN,2025-10-10,198.2400054931641,closed,2025-10-10,189.4600067138672,3DHL entry; 3DHL exit
TXN,2025-10-10,191.3000030517578,closed,2025-10-10,189.4600067138672,3DHL entry; 3DHL exit
TXN,2025-10-10,189.33999633789065,closed,2025-10-10,189.4600067138672,3DHL entry; 3DHL exit
TXN,2025-10-10,190.5200042724609,closed,2025-10-10,189.4600067138672,3DHL entry; 3DHL exit
TXN,2025-10-10,195.7400054931641,closed,2025-10-10,189.4600067138672,3DHL entry; 3DHL exit
TXN,2025-10-10,187.2899932861328,closed,2025-10-10,189.4600067138672,3DHL entry; 3DHL exit
UAL,2025-10-10,97.7699966430664,closed,2025-10-10,95.4800033569336,3DHL entry; 3DHL exit
UAL,2025-10-10,96.58000183105467,closed,2025-10-10,95.4800033569336,3DHL entry; 3DHL exit
UAL,2025-10-10,93.1500015258789,closed,2025-10-10,95.4800033569336,3DHL entry; 3DHL exit
UAL,2025-10-10,94.83000183105467,closed,2025-10-10,95.4800033569336,3DHL entry; 3DHL exit
UBER,2025-10-10,87.75,closed,2025-10-10,61.02999877929688,3DHL entry; 3DHL exit
UBER,2025-10-10,90.75,closed,2025-10-10,61.02999877929688,3DHL entry; 3DHL exit
UBER,2025-10-10,97.5999984741211,closed,2025-10-10,61.02999877929688,3DHL entry; 3DHL exit
UBER,2025-10-10,96.61000061035156,closed,2025-10-10,61.02999877929688,3DHL entry; 3DHL exit
UNH,2025-10-10,427.1799926757813,closed,2025-10-10,498.5,3DHL entry; 3DHL exit
UPS,2025-10-10,122.6500015258789,closed,2025-10-10,128.5500030517578,3DHL entry; 3DHL exit
UPS,2025-10-10,115.0999984741211,closed,2025-10-10,128.5500030517578,3DHL entry; 3DHL exit
UPS,2025-10-10,109.26000213623048,closed,2025-10-10,128.5500030517578,3DHL entry; 3DHL exit
USB,2025-10-10,47.40999984741211,closed,2025-10-10,51.36000061035156,3DHL entry; 3DHL exit
USB,2025-10-10,47.86000061035156,closed,2025-10-10,51.36000061035156,3DHL entry; 3DHL exit
USB,2025-10-10,47.380001068115234,closed,2025-10-10,51.36000061035156,3DHL entry; 3DHL exit
USB,2025-10-10,47.09999847412109,closed,2025-10-10,51.36000061035156,3DHL entry; 3DHL exit
V,2025-10-10,349.8599853515625,closed,2025-10-10,315.8900146484375,3DHL entry; 3DHL exit
V,2025-10-10,344.1600036621094,closed,2025-10-10,315.8900146484375,3DHL entry; 3DHL exit
V,2025-10-10,345.32000732421875,closed,2025-10-10,315.8900146484375,3DHL entry; 3DHL exit
V,2025-10-10,353.5400085449219,closed,2025-10-10,315.8900146484375,3DHL entry; 3DHL exit
VICI,2025-10-10,31.96999931335449,closed,2025-10-10,30.93000030517578,3DHL entry; 3DHL exit
VICI,2025-10-10,32.900001525878906,closed,2025-10-10,30.93000030517578,3DHL entry; 3DHL exit
VICI,2025-10-10,32.20000076293945,closed,2025-10-10,30.93000030517578,3DHL entry; 3DHL exit
VICI,2025-10-10,32.63999938964844,closed,2025-10-10,30.93000030517578,3DHL entry; 3DHL exit
VICI,2025-10-10,32.599998474121094,closed,2025-10-10,30.93000030517578,3DHL entry; 3DHL exit
VICI,2025-10-10,32.119998931884766,closed,2025-10-10,30.93000030517578,3DHL entry; 3DHL exit
VICI,2025-10-10,31.84000015258789,closed,2025-10-10,30.93000030517578,3DHL entry; 3DHL exit
VTRS,2025-10-10,11.800000190734863,closed,2025-10-10,12.529999732971191,3DHL entry; 3DHL exit
VTRS,2025-10-10,10.890000343322754,closed,2025-10-10,12.529999732971191,3DHL entry; 3DHL exit
VTRS,2025-10-10,10.619999885559082,closed,2025-10-10,12.529999732971191,3DHL entry; 3DHL exit
VTRS,2025-10-10,10.609999656677246,closed,2025-10-10,12.529999732971191,3DHL entry; 3DHL exit
VTRS,2025-10-10,10.600000381469728,closed,2025-10-10,12.529999732971191,3DHL entry; 3DHL exit
VTRS,2025-10-10,10.420000076293944,closed,2025-10-10,12.529999732971191,3DHL entry; 3DHL exit
VTRS,2025-10-10,10.40999984741211,closed,2025-10-10,12.529999732971191,3DHL entry; 3DHL exit
VTRS,2025-10-10,9.960000038146973,closed,2025-10-10,12.529999732971191,3DHL entry; 3DHL exit
VZ,2025-10-10,43.0,closed,2025-10-10,40.880001068115234,3DHL entry; 3DHL exit
VZ,2025-10-10,43.31999969482422,closed,2025-10-10,40.880001068115234,3DHL entry; 3DHL exit
VZ,2025-10-10,43.060001373291016,closed,2025-10-10,40.880001068115234,3DHL entry; 3DHL exit
VZ,2025-10-10,43.15999984741211,closed,2025-10-10,40.880001068115234,3DHL entry; 3DHL exit
VZ,2025-10-10,43.34999847412109,closed,2025-10-10,40.880001068115234,3DHL entry; 3DHL exit
WBD,2025-10-10,11.539999961853027,closed,2025-10-10,11.600000381469728,3DHL entry; 3DHL exit
WDC,2025-10-10,106.87999725341795,closed,2025-10-10,49.357521057128906,3DHL entry; 3DHL exit
WFC,2025-10-10,79.63999938964844,closed,2025-10-10,71.9800033569336,3DHL entry; 3DHL exit
WFC,2025-10-10,77.22000122070312,closed,2025-10-10,71.9800033569336,3DHL entry; 3DHL exit
WFC,2025-10-10,76.0,closed,2025-10-10,71.9800033569336,3DHL entry; 3DHL exit
WFC,2025-10-10,80.62999725341797,closed,2025-10-10,71.9800033569336,3DHL entry; 3DHL exit
WFC,2025-10-10,77.77999877929688,closed,2025-10-10,71.9800033569336,3DHL entry; 3DHL exit
WFC,2025-10-10,77.58000183105469,closed,2025-10-10,71.9800033569336,3DHL entry; 3DHL exit
WFC,2025-10-10,77.95999908447266,closed,2025-10-10,71.9800033569336,3DHL entry; 3DHL exit
WFC,2025-10-10,80.87000274658203,closed,2025-10-10,71.9800033569336,3DHL entry; 3DHL exit
WFC,2025-10-10,80.5,closed,2025-10-10,71.9800033569336,3DHL entry; 3DHL exit
WMB,2025-10-10,59.18999862670898,closed,2025-10-10,53.970001220703125,3DHL entry; 3DHL exit
WMT,2025-10-10,96.33999633789062,closed,2025-10-10,94.87000274658205,3DHL entry; 3DHL exit
WMT,2025-10-10,97.4499969482422,closed,2025-10-10,94.87000274658205,3DHL entry; 3DHL exit
WMT,2025-10-10,100.0,closed,2025-10-10,94.87000274658205,3DHL entry; 3DHL exit
WMT,2025-10-10,102.81999969482422,closed,2025-10-10,94.87000274658205,3DHL entry; 3DHL exit
WMT,2025-10-10,102.5199966430664,closed,2025-10-10,94.87000274658205,3DHL entry; 3DHL exit
XOM,2025-10-10,112.2300033569336,closed,2025-10-10,108.47000122070312,3DHL entry; 3DHL exit
XOM,2025-10-10,111.66000366210938,closed,2025-10-10,108.47000122070312,3DHL entry; 3DHL exit
XOM,2025-10-10,109.8499984741211,closed,2025-10-10,108.47000122070312,3DHL entry; 3DHL exit
XOM,2025-10-10,112.0199966430664,closed,2025-10-10,108.47000122070312,3DHL entry; 3DHL exit
XOM,2025-10-10,111.98999786376952,closed,2025-10-10,108.47000122070312,3DHL entry; 3DHL exit
XYZ,2025-10-10,84.98999786376953,closed,2025-10-10,93.77999877929688,3DHL entry; 3DHL exit
XYZ,2025-10-10,82.54000091552734,closed,2025-10-10,93.77999877929688,3DHL entry; 3DHL exit
XYZ,2025-10-10,82.01000213623047,closed,2025-10-10,93.77999877929688,3DHL entry; 3DHL exit
XYZ,2025-10-10,86.16999816894531,closed,2025-10-10,93.77999877929688,3DHL entry; 3DHL exit
XYZ,2025-10-10,86.0,closed,2025-10-10,93.77999877929688,3DHL entry; 3DHL exit
XYZ,2025-10-10,82.98999786376953,closed,2025-10-10,93.77999877929688,3DHL entry; 3DHL exit
XYZ,2025-10-10,77.26000213623047,closed,2025-10-10,93.77999877929688,3DHL entry; 3DHL exit
XYZ,2025-10-10,74.02999877929688,closed,2025-10-10,93.77999877929688,3DHL entry; 3DHL exit
ABBV,2025-10-13,230.3000030517578,open,,,enter_long_ds>=3 AND Close<DMA5 AND Close>MA200
ABT,2025-10-13,131.3800048828125,closed,2025-10-14,133.27000427246094,enter_long_ds>=3 AND Close<DMA5 AND Close>MA200
COIN,2025-10-13,356.989990234375,open,,,enter_long_ds>=3 AND Close<DMA5 AND Close>MA200
CSCO,2025-10-13,67.45999908447266,closed,2025-10-15,69.5199966430664,enter_long_ds>=3 AND Close<DMA5 AND Close>MA200
FAST,2025-10-13,42.33000183105469,open,,,enter_long_ds>=3 AND Close<DMA5 AND Close>MA200
IBM,2025-10-13,277.2200012207031,open,,,enter_long_ds>=3 AND Close<DMA5 AND Close>MA200
IPG,2025-10-13,26.11000061035156,closed,2025-10-14,26.790000915527344,enter_long_ds>=3 AND Close<DMA5 AND Close>MA200
LVS,2025-10-13,46.470001220703125,open,,,enter_long_ds>=3 AND Close<DMA5 AND Close>MA200
ANET,2025-10-14,138.7899932861328,open,,,enter_long_ds>=3 AND Close<DMA5 AND Close>MA200
