Ticker,EntryDate,EntryPrice,Status,ExitDate,ExitPrice,Notes,Stop,Target
AAPL,2025-10-10,250.4199981689453,open,,,RSI2<= 10,,
AAPL,2025-10-10,243.8500061035156,open,,,RSI2<= 10,,
AAPL,2025-10-10,243.3600006103516,open,,,RSI2<= 10,,
AAPL,2025-10-10,236.8500061035156,open,,,RSI2<= 10,,
AAPL,2025-10-10,234.3999938964844,open,,,RSI2<= 10,,
AAPL,2025-10-10,233.27999877929688,open,,,RSI2<= 10,,
AAPL,2025-10-10,228.00999450683597,open,,,RSI2<= 10,,
AAPL,2025-10-10,240.3600006103516,open,,,RSI2<= 10,,
AAPL,2025-10-10,237.3000030517578,open,,,RSI2<= 10,,
AAPL,2025-10-10,226.00999450683597,open,,,RSI2<= 10,,
AAPL,2025-10-10,224.8999938964844,open,,,RSI2<= 10,,
AAPL,2025-10-10,226.7899932861328,open,,,RSI2<= 10,,
ABBV,2025-10-10,210.00999450683597,open,,,RSI2<= 10,,
ABBV,2025-10-10,209.1699981689453,open,,,RSI2<= 10,,
ABBV,2025-10-10,201.33999633789065,open,,,RSI2<= 10,,
ABBV,2025-10-10,201.3000030517578,open,,,RSI2<= 10,,
ABBV,2025-10-10,218.5399932861328,open,,,RSI2<= 10,,
ABT,2025-10-10,130.27999877929688,open,,,RSI2<= 10,,
ABT,2025-10-10,129.88999938964844,open,,,RSI2<= 10,,
ABT,2025-10-10,131.3000030517578,open,,,RSI2<= 10,,
ABT,2025-10-10,132.27999877929688,open,,,RSI2<= 10,,
ABT,2025-10-10,131.49000549316406,open,,,RSI2<= 10,,
ABT,2025-10-10,129.36000061035156,open,,,RSI2<= 10,,
ACN,2025-10-10,357.0599975585937,open,,,RSI2<= 10,,
ACN,2025-10-10,357.29998779296875,open,,,RSI2<= 10,,
ACN,2025-10-10,347.6099853515625,open,,,RSI2<= 10,,
ACN,2025-10-10,352.489990234375,open,,,RSI2<= 10,,
ACN,2025-10-10,351.7900085449219,open,,,RSI2<= 10,,
ACN,2025-10-10,348.82000732421875,open,,,RSI2<= 10,,
ACN,2025-10-10,364.260009765625,open,,,RSI2<= 10,,
ACN,2025-10-10,363.9100036621094,open,,,RSI2<= 10,,
ACN,2025-10-10,362.9500122070313,open,,,RSI2<= 10,,
ACN,2025-10-10,358.3500061035156,open,,,RSI2<= 10,,
ACN,2025-10-10,356.8699951171875,open,,,RSI2<= 10,,
ACN,2025-10-10,348.5,open,,,RSI2<= 10,,
ACN,2025-10-10,344.989990234375,open,,,RSI2<= 10,,
ACN,2025-10-10,335.29998779296875,open,,,RSI2<= 10,,
ACN,2025-10-10,327.7900085449219,open,,,RSI2<= 10,,
ACN,2025-10-10,324.3299865722656,open,,,RSI2<= 10,,
ACN,2025-10-10,317.07000732421875,open,,,RSI2<= 10,,
ACN,2025-10-10,309.5799865722656,open,,,RSI2<= 10,,
ACN,2025-10-10,311.7099914550781,open,,,RSI2<= 10,,
AES,2025-10-10,13.149999618530272,open,,,RSI2<= 10,,
AES,2025-10-10,12.869999885559082,open,,,RSI2<= 10,,
AES,2025-10-10,12.5,open,,,RSI2<= 10,,
AES,2025-10-10,12.4399995803833,open,,,RSI2<= 10,,
AES,2025-10-10,12.649999618530272,open,,,RSI2<= 10,,
AES,2025-10-10,12.399999618530272,open,,,RSI2<= 10,,
AES,2025-10-10,12.020000457763672,open,,,RSI2<= 10,,
AES,2025-10-10,12.489999771118164,open,,,RSI2<= 10,,
AES,2025-10-10,12.43000030517578,open,,,RSI2<= 10,,
AES,2025-10-10,12.40999984741211,open,,,RSI2<= 10,,
AES,2025-10-10,12.369999885559082,open,,,RSI2<= 10,,
AES,2025-10-10,11.899999618530272,open,,,RSI2<= 10,,
AES,2025-10-10,13.43000030517578,open,,,RSI2<= 10,,
AES,2025-10-10,13.079999923706056,open,,,RSI2<= 10,,
AES,2025-10-10,12.970000267028809,open,,,RSI2<= 10,,
AES,2025-10-10,12.8100004196167,open,,,RSI2<= 10,,
AMAT,2025-10-10,174.57000732421875,open,,,RSI2<= 10,,
AMAT,2025-10-10,172.85000610351562,open,,,RSI2<= 10,,
AMAT,2025-10-10,190.44000244140625,open,,,RSI2<= 10,,
AMAT,2025-10-10,180.05999755859375,open,,,RSI2<= 10,,
AMAT,2025-10-10,179.99000549316406,open,,,RSI2<= 10,,
AMCR,2025-10-10,9.84000015258789,open,,,RSI2<= 10,,
AMCR,2025-10-10,9.729999542236328,open,,,RSI2<= 10,,
AMCR,2025-10-10,9.4399995803833,open,,,RSI2<= 10,,
AMCR,2025-10-10,9.399999618530272,open,,,RSI2<= 10,,
AMCR,2025-10-10,9.399999618530272,open,,,RSI2<= 10,,
AMCR,2025-10-10,9.34000015258789,open,,,RSI2<= 10,,
AMCR,2025-10-10,9.5600004196167,open,,,RSI2<= 10,,
AMCR,2025-10-10,9.630000114440918,open,,,RSI2<= 10,,
AMCR,2025-10-10,9.4399995803833,open,,,RSI2<= 10,,
AMCR,2025-10-10,9.4399995803833,open,,,RSI2<= 10,,
AMCR,2025-10-10,9.350000381469728,open,,,RSI2<= 10,,
AMD,2025-10-10,136.11000061035156,open,,,RSI2<= 10,,
AMD,2025-10-10,166.5500030517578,open,,,RSI2<= 10,,
AMD,2025-10-10,165.1999969482422,open,,,RSI2<= 10,,
AMD,2025-10-10,163.7100067138672,open,,,RSI2<= 10,,
AMD,2025-10-10,151.13999938964844,open,,,RSI2<= 10,,
AMD,2025-10-10,151.41000366210938,open,,,RSI2<= 10,,
AMZN,2025-10-10,232.92999267578125,open,,,RSI2<= 10,,
AMZN,2025-10-10,231.1499938964844,open,,,RSI2<= 10,,
AMZN,2025-10-10,220.5200042724609,open,,,RSI2<= 10,,
AMZN,2025-10-10,219.38999938964844,open,,,RSI2<= 10,,
AMZN,2025-10-10,217.75999450683597,open,,,RSI2<= 10,,
AMZN,2025-10-10,222.8800048828125,open,,,RSI2<= 10,,
AMZN,2025-10-10,216.5800018310547,open,,,RSI2<= 10,,
AMZN,2025-10-10,214.75,open,,,RSI2<= 10,,
AMZN,2025-10-10,223.80999755859372,open,,,RSI2<= 10,,
AMZN,2025-10-10,221.9499969482422,open,,,RSI2<= 10,,
AMZN,2025-10-10,227.6300048828125,open,,,RSI2<= 10,,
AMZN,2025-10-10,220.7100067138672,open,,,RSI2<= 10,,
AMZN,2025-10-10,220.2100067138672,open,,,RSI2<= 10,,
AMZN,2025-10-10,218.1499938964844,open,,,RSI2<= 10,,
ANET,2025-10-10,116.52999877929688,open,,,RSI2<= 10,,
ANET,2025-10-10,112.9499969482422,open,,,RSI2<= 10,,
ANET,2025-10-10,108.06999969482422,open,,,RSI2<= 10,,
ANET,2025-10-10,110.52999877929688,open,,,RSI2<= 10,,
ANET,2025-10-10,109.63999938964844,open,,,RSI2<= 10,,
ANET,2025-10-10,106.87000274658205,open,,,RSI2<= 10,,
ANET,2025-10-10,131.47000122070312,open,,,RSI2<= 10,,
APA,2025-10-10,21.940000534057617,open,,,RSI2<= 10,,
APA,2025-10-10,21.049999237060547,open,,,RSI2<= 10,,
APA,2025-10-10,20.84000015258789,open,,,RSI2<= 10,,
APA,2025-10-10,20.479999542236328,open,,,RSI2<= 10,,
APA,2025-10-10,23.700000762939453,open,,,RSI2<= 10,,
APA,2025-10-10,23.36000061035156,open,,,RSI2<= 10,,
APA,2025-10-10,22.989999771118164,open,,,RSI2<= 10,,
APA,2025-10-10,21.93000030517578,open,,,RSI2<= 10,,
APA,2025-10-10,21.46999931335449,open,,,RSI2<= 10,,
APA,2025-10-10,22.3799991607666,open,,,RSI2<= 10,,
APA,2025-10-10,22.01000022888184,open,,,RSI2<= 10,,
APA,2025-10-10,20.420000076293945,open,,,RSI2<= 10,,
APA,2025-10-10,23.65999984741211,open,,,RSI2<= 10,,
AVGO,2025-10-10,250.0,open,,,RSI2<= 10,,
AVGO,2025-10-10,294.9100036621094,open,,,RSI2<= 10,,
AVGO,2025-10-10,291.1700134277344,open,,,RSI2<= 10,,
AVGO,2025-10-10,289.6000061035156,open,,,RSI2<= 10,,
AVGO,2025-10-10,338.7900085449219,open,,,RSI2<= 10,,
AVGO,2025-10-10,338.94000244140625,open,,,RSI2<= 10,,
AVGO,2025-10-10,336.1000061035156,open,,,RSI2<= 10,,
AVGO,2025-10-10,334.5299987792969,open,,,RSI2<= 10,,
AVGO,2025-10-10,327.8999938964844,open,,,RSI2<= 10,,
BA,2025-10-10,201.02999877929688,open,,,RSI2<= 10,,
BA,2025-10-10,203.75,open,,,RSI2<= 10,,
BA,2025-10-10,200.32000732421875,open,,,RSI2<= 10,,
BA,2025-10-10,197.67999267578125,open,,,RSI2<= 10,,
BA,2025-10-10,221.83999633789065,open,,,RSI2<= 10,,
BA,2025-10-10,221.8999938964844,open,,,RSI2<= 10,,
BA,2025-10-10,225.0,open,,,RSI2<= 10,,
BA,2025-10-10,219.9900054931641,open,,,RSI2<= 10,,
BA,2025-10-10,215.94000244140625,open,,,RSI2<= 10,,
BA,2025-10-10,215.75,open,,,RSI2<= 10,,
BA,2025-10-10,215.0200042724609,open,,,RSI2<= 10,,
BA,2025-10-10,214.6300048828125,open,,,RSI2<= 10,,
BA,2025-10-10,212.08999633789065,open,,,RSI2<= 10,,
BAC,2025-10-10,45.470001220703125,open,,,RSI2<= 10,,
BAC,2025-10-10,46.29999923706055,open,,,RSI2<= 10,,
BAC,2025-10-10,46.209999084472656,open,,,RSI2<= 10,,
BAC,2025-10-10,45.29999923706055,open,,,RSI2<= 10,,
BAC,2025-10-10,46.84000015258789,open,,,RSI2<= 10,,
BAC,2025-10-10,47.27000045776367,open,,,RSI2<= 10,,
BAC,2025-10-10,45.65999984741211,open,,,RSI2<= 10,,
BAC,2025-10-10,45.41999816894531,open,,,RSI2<= 10,,
BAC,2025-10-10,50.68000030517578,open,,,RSI2<= 10,,
BAC,2025-10-10,50.47999954223633,open,,,RSI2<= 10,,
BAC,2025-10-10,49.84000015258789,open,,,RSI2<= 10,,
BAC,2025-10-10,49.790000915527344,open,,,RSI2<= 10,,
BAX,2025-10-10,31.63999938964844,open,,,RSI2<= 10,,
BAX,2025-10-10,31.420000076293945,open,,,RSI2<= 10,,
BAX,2025-10-10,30.809999465942383,open,,,RSI2<= 10,,
BAX,2025-10-10,30.6200008392334,open,,,RSI2<= 10,,
BAX,2025-10-10,30.290000915527344,open,,,RSI2<= 10,,
BAX,2025-10-10,34.40999984741211,open,,,RSI2<= 10,,
BAX,2025-10-10,33.439998626708984,open,,,RSI2<= 10,,
BAX,2025-10-10,33.189998626708984,open,,,RSI2<= 10,,
BAX,2025-10-10,31.350000381469727,open,,,RSI2<= 10,,
BAX,2025-10-10,29.93000030517578,open,,,RSI2<= 10,,
BAX,2025-10-10,30.270000457763672,open,,,RSI2<= 10,,
BAX,2025-10-10,30.1200008392334,open,,,RSI2<= 10,,
BAX,2025-10-10,29.549999237060547,open,,,RSI2<= 10,,
BAX,2025-10-10,29.799999237060547,open,,,RSI2<= 10,,
BAX,2025-10-10,29.690000534057617,open,,,RSI2<= 10,,
BEN,2025-10-10,21.899999618530277,open,,,RSI2<= 10,,
BEN,2025-10-10,24.13999938964844,open,,,RSI2<= 10,,
BEN,2025-10-10,24.309999465942383,open,,,RSI2<= 10,,
BEN,2025-10-10,24.0,open,,,RSI2<= 10,,
BEN,2025-10-10,23.950000762939453,open,,,RSI2<= 10,,
BEN,2025-10-10,24.81999969482422,open,,,RSI2<= 10,,
BEN,2025-10-10,24.559999465942383,open,,,RSI2<= 10,,
BEN,2025-10-10,24.520000457763672,open,,,RSI2<= 10,,
BEN,2025-10-10,24.559999465942383,open,,,RSI2<= 10,,
BEN,2025-10-10,24.309999465942383,open,,,RSI2<= 10,,
BEN,2025-10-10,24.030000686645508,open,,,RSI2<= 10,,
BEN,2025-10-10,23.57999992370605,open,,,RSI2<= 10,,
BEN,2025-10-10,23.399999618530277,open,,,RSI2<= 10,,
BEN,2025-10-10,23.270000457763672,open,,,RSI2<= 10,,
BEN,2025-10-10,22.540000915527344,open,,,RSI2<= 10,,
BKR,2025-10-10,43.54999923706055,open,,,RSI2<= 10,,
BKR,2025-10-10,43.27999877929688,open,,,RSI2<= 10,,
BKR,2025-10-10,43.06999969482422,open,,,RSI2<= 10,,
BKR,2025-10-10,45.619998931884766,open,,,RSI2<= 10,,
BKR,2025-10-10,44.619998931884766,open,,,RSI2<= 10,,
BKR,2025-10-10,44.040000915527344,open,,,RSI2<= 10,,
BKR,2025-10-10,43.5099983215332,open,,,RSI2<= 10,,
BKR,2025-10-10,42.31999969482422,open,,,RSI2<= 10,,
BKR,2025-10-10,43.08000183105469,open,,,RSI2<= 10,,
BKR,2025-10-10,43.5099983215332,open,,,RSI2<= 10,,
BKR,2025-10-10,42.93999862670898,open,,,RSI2<= 10,,
BKR,2025-10-10,48.36000061035156,open,,,RSI2<= 10,,
BMY,2025-10-10,56.060001373291016,open,,,RSI2<= 10,,
BMY,2025-10-10,55.36000061035156,open,,,RSI2<= 10,,
BMY,2025-10-10,55.52999877929688,open,,,RSI2<= 10,,
BMY,2025-10-10,53.900001525878906,open,,,RSI2<= 10,,
BMY,2025-10-10,58.900001525878906,open,,,RSI2<= 10,,
BMY,2025-10-10,57.81999969482422,open,,,RSI2<= 10,,
BMY,2025-10-10,55.29999923706055,open,,,RSI2<= 10,,
BMY,2025-10-10,55.18999862670898,open,,,RSI2<= 10,,
BMY,2025-10-10,53.06999969482422,open,,,RSI2<= 10,,
BSX,2025-10-10,104.48999786376952,open,,,RSI2<= 10,,
BSX,2025-10-10,104.38999938964844,open,,,RSI2<= 10,,
BSX,2025-10-10,102.43000030517578,open,,,RSI2<= 10,,
BSX,2025-10-10,102.5,open,,,RSI2<= 10,,
BSX,2025-10-10,105.2300033569336,open,,,RSI2<= 10,,
BSX,2025-10-10,104.33999633789062,open,,,RSI2<= 10,,
BSX,2025-10-10,102.70999908447266,open,,,RSI2<= 10,,
C,2025-10-10,92.58999633789062,open,,,RSI2<= 10,,
C,2025-10-10,98.70999908447266,open,,,RSI2<= 10,,
C,2025-10-10,97.33999633789062,open,,,RSI2<= 10,,
C,2025-10-10,96.6999969482422,open,,,RSI2<= 10,,
C,2025-10-10,95.91999816894533,open,,,RSI2<= 10,,
CAG,2025-10-10,27.899999618530277,open,,,RSI2<= 10,,
CAG,2025-10-10,27.8799991607666,open,,,RSI2<= 10,,
CAG,2025-10-10,27.3700008392334,open,,,RSI2<= 10,,
CAG,2025-10-10,26.809999465942383,open,,,RSI2<= 10,,
CAG,2025-10-10,26.88999938964844,open,,,RSI2<= 10,,
CAG,2025-10-10,26.6299991607666,open,,,RSI2<= 10,,
CAG,2025-10-10,26.600000381469727,open,,,RSI2<= 10,,
CAG,2025-10-10,25.940000534057617,open,,,RSI2<= 10,,
CAG,2025-10-10,25.51000022888184,open,,,RSI2<= 10,,
CAG,2025-10-10,25.309999465942383,open,,,RSI2<= 10,,
CAG,2025-10-10,25.030000686645508,open,,,RSI2<= 10,,
CAG,2025-10-10,24.81999969482422,open,,,RSI2<= 10,,
CAG,2025-10-10,24.530000686645508,open,,,RSI2<= 10,,
CAG,2025-10-10,25.68000030517578,open,,,RSI2<= 10,,
CAG,2025-10-10,25.350000381469727,open,,,RSI2<= 10,,
CAG,2025-10-10,24.989999771118164,open,,,RSI2<= 10,,
CAG,2025-10-10,24.450000762939453,open,,,RSI2<= 10,,
CAG,2025-10-10,24.07999992370605,open,,,RSI2<= 10,,
CAG,2025-10-10,23.51000022888184,open,,,RSI2<= 10,,
CAG,2025-10-10,23.350000381469727,open,,,RSI2<= 10,,
CAG,2025-10-10,23.0,open,,,RSI2<= 10,,
CARR,2025-10-10,71.58999633789062,open,,,RSI2<= 10,,
CARR,2025-10-10,70.27999877929688,open,,,RSI2<= 10,,
CARR,2025-10-10,67.43000030517578,open,,,RSI2<= 10,,
CARR,2025-10-10,72.08999633789062,open,,,RSI2<= 10,,
CARR,2025-10-10,71.7699966430664,open,,,RSI2<= 10,,
CARR,2025-10-10,70.9800033569336,open,,,RSI2<= 10,,
CARR,2025-10-10,69.77999877929688,open,,,RSI2<= 10,,
CARR,2025-10-10,71.66999816894531,open,,,RSI2<= 10,,
CARR,2025-10-10,68.19999694824219,open,,,RSI2<= 10,,
CCL,2025-10-10,25.90999984741211,open,,,RSI2<= 10,,
CCL,2025-10-10,25.71999931335449,open,,,RSI2<= 10,,
CCL,2025-10-10,26.100000381469727,open,,,RSI2<= 10,,
CCL,2025-10-10,25.61000061035156,open,,,RSI2<= 10,,
CCL,2025-10-10,28.3700008392334,open,,,RSI2<= 10,,
CCL,2025-10-10,29.399999618530277,open,,,RSI2<= 10,,
CCL,2025-10-10,28.90999984741211,open,,,RSI2<= 10,,
CCL,2025-10-10,28.36000061035156,open,,,RSI2<= 10,,
CFG,2025-10-10,45.68000030517578,open,,,RSI2<= 10,,
CFG,2025-10-10,44.7400016784668,open,,,RSI2<= 10,,
CFG,2025-10-10,46.15999984741211,open,,,RSI2<= 10,,
CFG,2025-10-10,46.04999923706055,open,,,RSI2<= 10,,
CFG,2025-10-10,48.68999862670898,open,,,RSI2<= 10,,
CFG,2025-10-10,47.720001220703125,open,,,RSI2<= 10,,
CFG,2025-10-10,46.81999969482422,open,,,RSI2<= 10,,
CFG,2025-10-10,51.34000015258789,open,,,RSI2<= 10,,
CFG,2025-10-10,51.130001068115234,open,,,RSI2<= 10,,
CFG,2025-10-10,52.0099983215332,open,,,RSI2<= 10,,
CFG,2025-10-10,51.84999847412109,open,,,RSI2<= 10,,
CL,2025-10-10,90.79000091552734,open,,,RSI2<= 10,,
CL,2025-10-10,90.5500030517578,open,,,RSI2<= 10,,
CL,2025-10-10,90.1500015258789,open,,,RSI2<= 10,,
CL,2025-10-10,89.81999969482422,open,,,RSI2<= 10,,
CL,2025-10-10,89.80999755859375,open,,,RSI2<= 10,,
CL,2025-10-10,89.13999938964844,open,,,RSI2<= 10,,
CL,2025-10-10,90.1999969482422,open,,,RSI2<= 10,,
CL,2025-10-10,90.1500015258789,open,,,RSI2<= 10,,
CL,2025-10-10,90.62000274658205,open,,,RSI2<= 10,,
CL,2025-10-10,89.58000183105469,open,,,RSI2<= 10,,
CL,2025-10-10,88.8499984741211,open,,,RSI2<= 10,,
CMCSA,2025-10-10,38.86000061035156,open,,,RSI2<= 10,,
CMCSA,2025-10-10,38.79999923706055,open,,,RSI2<= 10,,
CMCSA,2025-10-10,37.86000061035156,open,,,RSI2<= 10,,
CMCSA,2025-10-10,37.400001525878906,open,,,RSI2<= 10,,
CMCSA,2025-10-10,37.38999938964844,open,,,RSI2<= 10,,
CMCSA,2025-10-10,36.36000061035156,open,,,RSI2<= 10,,
CMCSA,2025-10-10,35.099998474121094,open,,,RSI2<= 10,,
CMCSA,2025-10-10,35.720001220703125,open,,,RSI2<= 10,,
CMG,2025-10-10,64.80000305175781,open,,,RSI2<= 10,,
CMG,2025-10-10,64.29000091552734,open,,,RSI2<= 10,,
CMG,2025-10-10,61.34000015258789,open,,,RSI2<= 10,,
CMG,2025-10-10,60.09000015258789,open,,,RSI2<= 10,,
CMG,2025-10-10,58.79999923706055,open,,,RSI2<= 10,,
CMG,2025-10-10,57.9900016784668,open,,,RSI2<= 10,,
CMG,2025-10-10,57.91999816894531,open,,,RSI2<= 10,,
CMG,2025-10-10,56.5,open,,,RSI2<= 10,,
CMG,2025-10-10,56.2599983215332,open,,,RSI2<= 10,,
CMG,2025-10-10,53.79999923706055,open,,,RSI2<= 10,,
CMG,2025-10-10,53.04999923706055,open,,,RSI2<= 10,,
CMG,2025-10-10,51.5099983215332,open,,,RSI2<= 10,,
CMG,2025-10-10,51.209999084472656,open,,,RSI2<= 10,,
CMG,2025-10-10,50.790000915527344,open,,,RSI2<= 10,,
CMG,2025-10-10,50.77999877929688,open,,,RSI2<= 10,,
CMG,2025-10-10,50.630001068115234,open,,,RSI2<= 10,,
CMG,2025-10-10,53.95000076293945,open,,,RSI2<= 10,,
CMG,2025-10-10,53.380001068115234,open,,,RSI2<= 10,,
CNC,2025-10-10,59.16999816894531,open,,,RSI2<= 10,,
CNC,2025-10-10,57.810001373291016,open,,,RSI2<= 10,,
CNC,2025-10-10,60.72999954223633,open,,,RSI2<= 10,,
CNC,2025-10-10,58.630001068115234,open,,,RSI2<= 10,,
CNC,2025-10-10,57.38999938964844,open,,,RSI2<= 10,,
CNC,2025-10-10,56.45000076293945,open,,,RSI2<= 10,,
CNC,2025-10-10,55.93000030517578,open,,,RSI2<= 10,,
CNC,2025-10-10,57.959999084472656,open,,,RSI2<= 10,,
CNC,2025-10-10,60.70000076293945,open,,,RSI2<= 10,,
CNC,2025-10-10,58.0099983215332,open,,,RSI2<= 10,,
CNC,2025-10-10,58.970001220703125,open,,,RSI2<= 10,,
CNC,2025-10-10,58.06999969482422,open,,,RSI2<= 10,,
CNC,2025-10-10,56.40999984741211,open,,,RSI2<= 10,,
CNC,2025-10-10,54.68000030517578,open,,,RSI2<= 10,,
CNC,2025-10-10,53.400001525878906,open,,,RSI2<= 10,,
COIN,2025-10-10,315.3099975585937,open,,,RSI2<= 10,,
COIN,2025-10-10,311.6400146484375,open,,,RSI2<= 10,,
COIN,2025-10-10,279.8599853515625,open,,,RSI2<= 10,,
COIN,2025-10-10,277.989990234375,open,,,RSI2<= 10,,
COIN,2025-10-10,275.1400146484375,open,,,RSI2<= 10,,
COIN,2025-10-10,391.6600036621094,open,,,RSI2<= 10,,
COIN,2025-10-10,379.489990234375,open,,,RSI2<= 10,,
COIN,2025-10-10,371.4400024414063,open,,,RSI2<= 10,,
COIN,2025-10-10,314.69000244140625,open,,,RSI2<= 10,,
COIN,2025-10-10,297.989990234375,open,,,RSI2<= 10,,
COIN,2025-10-10,302.07000732421875,open,,,RSI2<= 10,,
COIN,2025-10-10,302.3099975585937,open,,,RSI2<= 10,,
COIN,2025-10-10,306.69000244140625,open,,,RSI2<= 10,,
COP,2025-10-10,99.56999969482422,open,,,RSI2<= 10,,
COP,2025-10-10,98.26000213623048,open,,,RSI2<= 10,,
COP,2025-10-10,95.8499984741211,open,,,RSI2<= 10,,
COP,2025-10-10,95.18000030517578,open,,,RSI2<= 10,,
COP,2025-10-10,95.12000274658205,open,,,RSI2<= 10,,
COP,2025-10-10,103.05999755859376,open,,,RSI2<= 10,,
COP,2025-10-10,98.83000183105467,open,,,RSI2<= 10,,
COP,2025-10-10,98.4800033569336,open,,,RSI2<= 10,,
COP,2025-10-10,95.25,open,,,RSI2<= 10,,
CPB,2025-10-10,40.5,open,,,RSI2<= 10,,
CPB,2025-10-10,39.95000076293945,open,,,RSI2<= 10,,
CPB,2025-10-10,39.22999954223633,open,,,RSI2<= 10,,
CPB,2025-10-10,37.7400016784668,open,,,RSI2<= 10,,
CPB,2025-10-10,37.45000076293945,open,,,RSI2<= 10,,
CPB,2025-10-10,37.290000915527344,open,,,RSI2<= 10,,
CPB,2025-10-10,37.97999954223633,open,,,RSI2<= 10,,
CPB,2025-10-10,38.09000015258789,open,,,RSI2<= 10,,
CPB,2025-10-10,36.81999969482422,open,,,RSI2<= 10,,
CPB,2025-10-10,36.290000915527344,open,,,RSI2<= 10,,
CPB,2025-10-10,35.84000015258789,open,,,RSI2<= 10,,
CPRT,2025-10-10,61.11000061035156,open,,,RSI2<= 10,,
CPRT,2025-10-10,60.66999816894531,open,,,RSI2<= 10,,
CPRT,2025-10-10,58.970001220703125,open,,,RSI2<= 10,,
CPRT,2025-10-10,58.45000076293945,open,,,RSI2<= 10,,
CPRT,2025-10-10,58.220001220703125,open,,,RSI2<= 10,,
CPRT,2025-10-10,57.38999938964844,open,,,RSI2<= 10,,
CPRT,2025-10-10,56.31999969482422,open,,,RSI2<= 10,,
CPRT,2025-10-10,56.59000015258789,open,,,RSI2<= 10,,
CPRT,2025-10-10,56.27000045776367,open,,,RSI2<= 10,,
CPRT,2025-10-10,55.22999954223633,open,,,RSI2<= 10,,
CPRT,2025-10-10,54.79999923706055,open,,,RSI2<= 10,,
CPRT,2025-10-10,54.650001525878906,open,,,RSI2<= 10,,
CPRT,2025-10-10,54.2599983215332,open,,,RSI2<= 10,,
CPRT,2025-10-10,53.72999954223633,open,,,RSI2<= 10,,
CPRT,2025-10-10,53.7400016784668,open,,,RSI2<= 10,,
CPRT,2025-10-10,54.5099983215332,open,,,RSI2<= 10,,
CPRT,2025-10-10,54.220001220703125,open,,,RSI2<= 10,,
CPRT,2025-10-10,61.09000015258789,open,,,RSI2<= 10,,
CPRT,2025-10-10,60.65999984741211,open,,,RSI2<= 10,,
CPRT,2025-10-10,53.66999816894531,open,,,RSI2<= 10,,
CRM,2025-10-10,357.2300109863281,open,,,RSI2<= 10,,
CRM,2025-10-10,350.9700012207031,open,,,RSI2<= 10,,
CRM,2025-10-10,337.2300109863281,open,,,RSI2<= 10,,
CRM,2025-10-10,336.2300109863281,open,,,RSI2<= 10,,
CRM,2025-10-10,335.739990234375,open,,,RSI2<= 10,,
CRM,2025-10-10,334.3299865722656,open,,,RSI2<= 10,,
CRM,2025-10-10,330.6600036621094,open,,,RSI2<= 10,,
CRM,2025-10-10,324.92999267578125,open,,,RSI2<= 10,,
CRM,2025-10-10,317.8500061035156,open,,,RSI2<= 10,,
CRM,2025-10-10,318.42999267578125,open,,,RSI2<= 10,,
CRM,2025-10-10,309.79998779296875,open,,,RSI2<= 10,,
CRM,2025-10-10,308.32000732421875,open,,,RSI2<= 10,,
CRM,2025-10-10,305.8800048828125,open,,,RSI2<= 10,,
CRM,2025-10-10,294.8999938964844,open,,,RSI2<= 10,,
CRM,2025-10-10,287.3399963378906,open,,,RSI2<= 10,,
CRM,2025-10-10,282.2799987792969,open,,,RSI2<= 10,,
CSCO,2025-10-10,67.18000030517578,open,,,RSI2<= 10,,
CSCO,2025-10-10,67.11000061035156,open,,,RSI2<= 10,,
CSCO,2025-10-10,66.19999694824219,open,,,RSI2<= 10,,
CSX,2025-10-10,32.939998626708984,open,,,RSI2<= 10,,
CSX,2025-10-10,32.93000030517578,open,,,RSI2<= 10,,
CSX,2025-10-10,34.58000183105469,open,,,RSI2<= 10,,
CSX,2025-10-10,32.810001373291016,open,,,RSI2<= 10,,
CSX,2025-10-10,32.40999984741211,open,,,RSI2<= 10,,
CSX,2025-10-10,32.189998626708984,open,,,RSI2<= 10,,
CTRA,2025-10-10,27.82999992370605,open,,,RSI2<= 10,,
CTRA,2025-10-10,27.3799991607666,open,,,RSI2<= 10,,
CTRA,2025-10-10,26.8700008392334,open,,,RSI2<= 10,,
CTRA,2025-10-10,26.399999618530277,open,,,RSI2<= 10,,
CTRA,2025-10-10,27.36000061035156,open,,,RSI2<= 10,,
CTRA,2025-10-10,25.950000762939453,open,,,RSI2<= 10,,
CVS,2025-10-10,67.29000091552734,open,,,RSI2<= 10,,
CVS,2025-10-10,65.16999816894531,open,,,RSI2<= 10,,
CVS,2025-10-10,65.62000274658203,open,,,RSI2<= 10,,
CVS,2025-10-10,64.77999877929688,open,,,RSI2<= 10,,
CVS,2025-10-10,64.36000061035156,open,,,RSI2<= 10,,
CVS,2025-10-10,63.93999862670898,open,,,RSI2<= 10,,
CVS,2025-10-10,70.26000213623047,open,,,RSI2<= 10,,
CVX,2025-10-10,150.80999755859375,open,,,RSI2<= 10,,
CVX,2025-10-10,156.1199951171875,open,,,RSI2<= 10,,
CVX,2025-10-10,151.0399932861328,open,,,RSI2<= 10,,
CVX,2025-10-10,153.66000366210938,open,,,RSI2<= 10,,
CVX,2025-10-10,154.5800018310547,open,,,RSI2<= 10,,
CVX,2025-10-10,153.3699951171875,open,,,RSI2<= 10,,
CVX,2025-10-10,151.63999938964844,open,,,RSI2<= 10,,
CZR,2025-10-10,36.52000045776367,open,,,RSI2<= 10,,
CZR,2025-10-10,36.130001068115234,open,,,RSI2<= 10,,
CZR,2025-10-10,33.880001068115234,open,,,RSI2<= 10,,
CZR,2025-10-10,33.06999969482422,open,,,RSI2<= 10,,
CZR,2025-10-10,32.81999969482422,open,,,RSI2<= 10,,
CZR,2025-10-10,32.88999938964844,open,,,RSI2<= 10,,
CZR,2025-10-10,31.43000030517578,open,,,RSI2<= 10,,
CZR,2025-10-10,35.34000015258789,open,,,RSI2<= 10,,
CZR,2025-10-10,35.040000915527344,open,,,RSI2<= 10,,
CZR,2025-10-10,34.869998931884766,open,,,RSI2<= 10,,
CZR,2025-10-10,34.560001373291016,open,,,RSI2<= 10,,
CZR,2025-10-10,33.25,open,,,RSI2<= 10,,
CZR,2025-10-10,33.220001220703125,open,,,RSI2<= 10,,
CZR,2025-10-10,31.46999931335449,open,,,RSI2<= 10,,
CZR,2025-10-10,30.729999542236328,open,,,RSI2<= 10,,
CZR,2025-10-10,30.3700008392334,open,,,RSI2<= 10,,
D,2025-10-10,60.400001525878906,open,,,RSI2<= 10,,
D,2025-10-10,58.91999816894531,open,,,RSI2<= 10,,
D,2025-10-10,58.790000915527344,open,,,RSI2<= 10,,
D,2025-10-10,58.18999862670898,open,,,RSI2<= 10,,
D,2025-10-10,57.95000076293945,open,,,RSI2<= 10,,
D,2025-10-10,60.2599983215332,open,,,RSI2<= 10,,
DAL,2025-10-10,61.04999923706055,open,,,RSI2<= 10,,
DAL,2025-10-10,60.810001373291016,open,,,RSI2<= 10,,
DAL,2025-10-10,58.880001068115234,open,,,RSI2<= 10,,
DAL,2025-10-10,59.06999969482422,open,,,RSI2<= 10,,
DAL,2025-10-10,59.0,open,,,RSI2<= 10,,
DAL,2025-10-10,66.4800033569336,open,,,RSI2<= 10,,
DAL,2025-10-10,64.75,open,,,RSI2<= 10,,
DAL,2025-10-10,60.0,open,,,RSI2<= 10,,
DAL,2025-10-10,54.68999862670898,open,,,RSI2<= 10,,
DAL,2025-10-10,58.41999816894531,open,,,RSI2<= 10,,
DAL,2025-10-10,57.86000061035156,open,,,RSI2<= 10,,
DAL,2025-10-10,57.709999084472656,open,,,RSI2<= 10,,
DAL,2025-10-10,56.7400016784668,open,,,RSI2<= 10,,
DELL,2025-10-10,119.2699966430664,open,,,RSI2<= 10,,
DELL,2025-10-10,118.27999877929688,open,,,RSI2<= 10,,
DELL,2025-10-10,123.56999969482422,open,,,RSI2<= 10,,
DELL,2025-10-10,127.31999969482422,open,,,RSI2<= 10,,
DELL,2025-10-10,135.1999969482422,open,,,RSI2<= 10,,
DELL,2025-10-10,128.47999572753906,open,,,RSI2<= 10,,
DELL,2025-10-10,127.83000183105467,open,,,RSI2<= 10,,
DELL,2025-10-10,122.1500015258789,open,,,RSI2<= 10,,
DELL,2025-10-10,120.95999908447266,open,,,RSI2<= 10,,
DIS,2025-10-10,110.54000091552734,open,,,RSI2<= 10,,
DIS,2025-10-10,120.61000061035156,open,,,RSI2<= 10,,
DIS,2025-10-10,119.91000366210938,open,,,RSI2<= 10,,
DIS,2025-10-10,119.54000091552734,open,,,RSI2<= 10,,
DIS,2025-10-10,119.11000061035156,open,,,RSI2<= 10,,
DIS,2025-10-10,116.58999633789062,open,,,RSI2<= 10,,
DIS,2025-10-10,112.87999725341795,open,,,RSI2<= 10,,
DIS,2025-10-10,112.43000030517578,open,,,RSI2<= 10,,
DIS,2025-10-10,112.55999755859376,open,,,RSI2<= 10,,
DIS,2025-10-10,112.25,open,,,RSI2<= 10,,
DIS,2025-10-10,110.98999786376952,open,,,RSI2<= 10,,
DLTR,2025-10-10,112.05999755859376,open,,,RSI2<= 10,,
DLTR,2025-10-10,109.16999816894533,open,,,RSI2<= 10,,
DLTR,2025-10-10,100.25,open,,,RSI2<= 10,,
DLTR,2025-10-10,96.3000030517578,open,,,RSI2<= 10,,
DLTR,2025-10-10,95.4800033569336,open,,,RSI2<= 10,,
DLTR,2025-10-10,90.31999969482422,open,,,RSI2<= 10,,
DLTR,2025-10-10,90.23999786376952,open,,,RSI2<= 10,,
DLTR,2025-10-10,89.9800033569336,open,,,RSI2<= 10,,
DOC,2025-10-10,19.59000015258789,open,,,RSI2<= 10,,
DOC,2025-10-10,19.459999084472656,open,,,RSI2<= 10,,
DOC,2025-10-10,20.030000686645508,open,,,RSI2<= 10,,
DOC,2025-10-10,19.459999084472656,open,,,RSI2<= 10,,
DOC,2025-10-10,18.850000381469727,open,,,RSI2<= 10,,
DOW,2025-10-10,38.5,open,,,RSI2<= 10,,
DOW,2025-10-10,38.54999923706055,open,,,RSI2<= 10,,
DOW,2025-10-10,38.43000030517578,open,,,RSI2<= 10,,
DOW,2025-10-10,38.11000061035156,open,,,RSI2<= 10,,
DOW,2025-10-10,36.060001373291016,open,,,RSI2<= 10,,
DOW,2025-10-10,35.619998931884766,open,,,RSI2<= 10,,
DOW,2025-10-10,35.75,open,,,RSI2<= 10,,
DOW,2025-10-10,36.16999816894531,open,,,RSI2<= 10,,
DOW,2025-10-10,35.31999969482422,open,,,RSI2<= 10,,
DOW,2025-10-10,34.36000061035156,open,,,RSI2<= 10,,
DOW,2025-10-10,31.459999084472656,open,,,RSI2<= 10,,
DVN,2025-10-10,35.959999084472656,open,,,RSI2<= 10,,
DVN,2025-10-10,35.33000183105469,open,,,RSI2<= 10,,
DVN,2025-10-10,34.880001068115234,open,,,RSI2<= 10,,
DVN,2025-10-10,34.099998474121094,open,,,RSI2<= 10,,
DVN,2025-10-10,33.75,open,,,RSI2<= 10,,
EBAY,2025-10-10,78.5,open,,,RSI2<= 10,,
EBAY,2025-10-10,77.55999755859375,open,,,RSI2<= 10,,
EBAY,2025-10-10,94.63999938964844,open,,,RSI2<= 10,,
EBAY,2025-10-10,93.66999816894533,open,,,RSI2<= 10,,
EBAY,2025-10-10,92.8000030517578,open,,,RSI2<= 10,,
EBAY,2025-10-10,90.61000061035156,open,,,RSI2<= 10,,
EBAY,2025-10-10,89.88999938964844,open,,,RSI2<= 10,,
EBAY,2025-10-10,88.8499984741211,open,,,RSI2<= 10,,
EBAY,2025-10-10,87.58000183105469,open,,,RSI2<= 10,,
ENPH,2025-10-10,68.68000030517578,open,,,RSI2<= 10,,
ENPH,2025-10-10,65.44999694824219,open,,,RSI2<= 10,,
ENPH,2025-10-10,63.470001220703125,open,,,RSI2<= 10,,
ENPH,2025-10-10,62.84000015258789,open,,,RSI2<= 10,,
ENPH,2025-10-10,60.9900016784668,open,,,RSI2<= 10,,
ENPH,2025-10-10,61.119998931884766,open,,,RSI2<= 10,,
ENPH,2025-10-10,61.18999862670898,open,,,RSI2<= 10,,
ENPH,2025-10-10,57.33000183105469,open,,,RSI2<= 10,,
ENPH,2025-10-10,52.869998931884766,open,,,RSI2<= 10,,
ENPH,2025-10-10,58.77000045776367,open,,,RSI2<= 10,,
ENPH,2025-10-10,57.27000045776367,open,,,RSI2<= 10,,
ENPH,2025-10-10,55.7599983215332,open,,,RSI2<= 10,,
EQT,2025-10-10,55.720001220703125,open,,,RSI2<= 10,,
EQT,2025-10-10,53.540000915527344,open,,,RSI2<= 10,,
EQT,2025-10-10,54.91999816894531,open,,,RSI2<= 10,,
EXC,2025-10-10,43.58000183105469,open,,,RSI2<= 10,,
EXC,2025-10-10,46.0,open,,,RSI2<= 10,,
EXC,2025-10-10,45.09999847412109,open,,,RSI2<= 10,,
EXC,2025-10-10,43.61000061035156,open,,,RSI2<= 10,,
EXC,2025-10-10,44.0,open,,,RSI2<= 10,,
EXC,2025-10-10,43.7599983215332,open,,,RSI2<= 10,,
EXC,2025-10-10,43.68000030517578,open,,,RSI2<= 10,,
EXC,2025-10-10,43.369998931884766,open,,,RSI2<= 10,,
EXC,2025-10-10,43.380001068115234,open,,,RSI2<= 10,,
EXC,2025-10-10,43.34000015258789,open,,,RSI2<= 10,,
F,2025-10-10,11.239999771118164,open,,,RSI2<= 10,,
F,2025-10-10,11.149999618530272,open,,,RSI2<= 10,,
F,2025-10-10,10.869999885559082,open,,,RSI2<= 10,,
F,2025-10-10,11.489999771118164,open,,,RSI2<= 10,,
F,2025-10-10,11.420000076293944,open,,,RSI2<= 10,,
F,2025-10-10,11.5,open,,,RSI2<= 10,,
FAST,2025-10-10,46.40999984741211,open,,,RSI2<= 10,,
FAST,2025-10-10,46.130001068115234,open,,,RSI2<= 10,,
FAST,2025-10-10,45.43999862670898,open,,,RSI2<= 10,,
FAST,2025-10-10,45.369998931884766,open,,,RSI2<= 10,,
FAST,2025-10-10,49.18999862670898,open,,,RSI2<= 10,,
FAST,2025-10-10,47.33000183105469,open,,,RSI2<= 10,,
FAST,2025-10-10,46.709999084472656,open,,,RSI2<= 10,,
FCX,2025-10-10,40.7400016784668,open,,,RSI2<= 10,,
FCX,2025-10-10,40.619998931884766,open,,,RSI2<= 10,,
FCX,2025-10-10,40.220001220703125,open,,,RSI2<= 10,,
FCX,2025-10-10,43.97999954223633,open,,,RSI2<= 10,,
FCX,2025-10-10,43.22999954223633,open,,,RSI2<= 10,,
FCX,2025-10-10,41.310001373291016,open,,,RSI2<= 10,,
FE,2025-10-10,42.4900016784668,open,,,RSI2<= 10,,
FE,2025-10-10,41.720001220703125,open,,,RSI2<= 10,,
FE,2025-10-10,42.83000183105469,open,,,RSI2<= 10,,
FITB,2025-10-10,45.61000061035156,open,,,RSI2<= 10,,
FITB,2025-10-10,45.04999923706055,open,,,RSI2<= 10,,
FITB,2025-10-10,42.59000015258789,open,,,RSI2<= 10,,
FITB,2025-10-10,42.2599983215332,open,,,RSI2<= 10,,
FITB,2025-10-10,42.27999877929688,open,,,RSI2<= 10,,
FITB,2025-10-10,42.16999816894531,open,,,RSI2<= 10,,
FITB,2025-10-10,42.880001068115234,open,,,RSI2<= 10,,
FITB,2025-10-10,41.630001068115234,open,,,RSI2<= 10,,
FITB,2025-10-10,42.77000045776367,open,,,RSI2<= 10,,
FITB,2025-10-10,41.56999969482422,open,,,RSI2<= 10,,
FITB,2025-10-10,44.54999923706055,open,,,RSI2<= 10,,
FITB,2025-10-10,44.34999847412109,open,,,RSI2<= 10,,
FITB,2025-10-10,44.220001220703125,open,,,RSI2<= 10,,
FITB,2025-10-10,43.68000030517578,open,,,RSI2<= 10,,
FITB,2025-10-10,43.540000915527344,open,,,RSI2<= 10,,
GILD,2025-10-10,113.3499984741211,open,,,RSI2<= 10,,
GILD,2025-10-10,111.44000244140624,open,,,RSI2<= 10,,
GILD,2025-10-10,107.51000213623048,open,,,RSI2<= 10,,
GILD,2025-10-10,107.25,open,,,RSI2<= 10,,
GILD,2025-10-10,114.7699966430664,open,,,RSI2<= 10,,
GILD,2025-10-10,114.1500015258789,open,,,RSI2<= 10,,
GILD,2025-10-10,112.55999755859376,open,,,RSI2<= 10,,
GILD,2025-10-10,110.86000061035156,open,,,RSI2<= 10,,
GIS,2025-10-10,61.5,open,,,RSI2<= 10,,
GIS,2025-10-10,60.88999938964844,open,,,RSI2<= 10,,
GIS,2025-10-10,58.5,open,,,RSI2<= 10,,
GIS,2025-10-10,58.90999984741211,open,,,RSI2<= 10,,
GIS,2025-10-10,58.08000183105469,open,,,RSI2<= 10,,
GIS,2025-10-10,59.560001373291016,open,,,RSI2<= 10,,
GIS,2025-10-10,58.310001373291016,open,,,RSI2<= 10,,
GIS,2025-10-10,56.70000076293945,open,,,RSI2<= 10,,
GIS,2025-10-10,56.13999938964844,open,,,RSI2<= 10,,
GIS,2025-10-10,55.75,open,,,RSI2<= 10,,
GLW,2025-10-10,64.5199966430664,open,,,RSI2<= 10,,
GM,2025-10-10,52.2400016784668,open,,,RSI2<= 10,,
GM,2025-10-10,51.150001525878906,open,,,RSI2<= 10,,
GM,2025-10-10,51.369998931884766,open,,,RSI2<= 10,,
GM,2025-10-10,57.75,open,,,RSI2<= 10,,
GM,2025-10-10,57.34000015258789,open,,,RSI2<= 10,,
GM,2025-10-10,57.2599983215332,open,,,RSI2<= 10,,
GM,2025-10-10,56.400001525878906,open,,,RSI2<= 10,,
GM,2025-10-10,55.91999816894531,open,,,RSI2<= 10,,
GOOG,2025-10-10,198.16000366210935,open,,,RSI2<= 10,,
GOOG,2025-10-10,197.1199951171875,open,,,RSI2<= 10,,
GOOG,2025-10-10,190.1499938964844,open,,,RSI2<= 10,,
GOOG,2025-10-10,189.6999969482422,open,,,RSI2<= 10,,
GOOG,2025-10-10,190.44000244140625,open,,,RSI2<= 10,,
GOOG,2025-10-10,191.0500030517578,open,,,RSI2<= 10,,
GOOG,2025-10-10,200.19000244140625,open,,,RSI2<= 10,,
GOOG,2025-10-10,246.57000732421875,open,,,RSI2<= 10,,
GOOG,2025-10-10,244.3600006103516,open,,,RSI2<= 10,,
GOOG,2025-10-10,243.5500030517578,open,,,RSI2<= 10,,
GOOGL,2025-10-10,196.66000366210935,open,,,RSI2<= 10,,
GOOGL,2025-10-10,195.4199981689453,open,,,RSI2<= 10,,
GOOGL,2025-10-10,188.3999938964844,open,,,RSI2<= 10,,
GOOGL,2025-10-10,188.50999450683597,open,,,RSI2<= 10,,
GOOGL,2025-10-10,189.3000030517578,open,,,RSI2<= 10,,
GOOGL,2025-10-10,189.66000366210935,open,,,RSI2<= 10,,
GOOGL,2025-10-10,199.32000732421875,open,,,RSI2<= 10,,
GOOGL,2025-10-10,247.13999938964844,open,,,RSI2<= 10,,
GOOGL,2025-10-10,245.7899932861328,open,,,RSI2<= 10,,
GOOGL,2025-10-10,243.1000061035156,open,,,RSI2<= 10,,
HAL,2025-10-10,27.8700008392334,open,,,RSI2<= 10,,
HAL,2025-10-10,27.190000534057617,open,,,RSI2<= 10,,
HAL,2025-10-10,26.149999618530277,open,,,RSI2<= 10,,
HAL,2025-10-10,25.770000457763672,open,,,RSI2<= 10,,
HAL,2025-10-10,26.96999931335449,open,,,RSI2<= 10,,
HAL,2025-10-10,27.799999237060547,open,,,RSI2<= 10,,
HAL,2025-10-10,27.25,open,,,RSI2<= 10,,
HAL,2025-10-10,26.649999618530277,open,,,RSI2<= 10,,
HAL,2025-10-10,26.3700008392334,open,,,RSI2<= 10,,
HAL,2025-10-10,25.51000022888184,open,,,RSI2<= 10,,
HAL,2025-10-10,24.149999618530277,open,,,RSI2<= 10,,
HAL,2025-10-10,23.920000076293945,open,,,RSI2<= 10,,
HAL,2025-10-10,23.399999618530277,open,,,RSI2<= 10,,
HBAN,2025-10-10,17.260000228881836,open,,,RSI2<= 10,,
HBAN,2025-10-10,16.940000534057617,open,,,RSI2<= 10,,
HBAN,2025-10-10,16.149999618530273,open,,,RSI2<= 10,,
HBAN,2025-10-10,17.06999969482422,open,,,RSI2<= 10,,
HBAN,2025-10-10,16.559999465942383,open,,,RSI2<= 10,,
HBAN,2025-10-10,17.43000030517578,open,,,RSI2<= 10,,
HBAN,2025-10-10,17.040000915527344,open,,,RSI2<= 10,,
HBAN,2025-10-10,17.040000915527344,open,,,RSI2<= 10,,
HBAN,2025-10-10,16.34000015258789,open,,,RSI2<= 10,,
HBAN,2025-10-10,16.34000015258789,open,,,RSI2<= 10,,
HPE,2025-10-10,21.850000381469727,open,,,RSI2<= 10,,
HPE,2025-10-10,21.540000915527344,open,,,RSI2<= 10,,
HPE,2025-10-10,20.59000015258789,open,,,RSI2<= 10,,
HPE,2025-10-10,22.950000762939453,open,,,RSI2<= 10,,
HPE,2025-10-10,21.459999084472656,open,,,RSI2<= 10,,
HPE,2025-10-10,20.459999084472656,open,,,RSI2<= 10,,
HPE,2025-10-10,21.13999938964844,open,,,RSI2<= 10,,
HPE,2025-10-10,20.75,open,,,RSI2<= 10,,
HPE,2025-10-10,20.290000915527344,open,,,RSI2<= 10,,
HPE,2025-10-10,19.84000015258789,open,,,RSI2<= 10,,
HPE,2025-10-10,19.809999465942383,open,,,RSI2<= 10,,
HPE,2025-10-10,19.809999465942383,open,,,RSI2<= 10,,
HPE,2025-10-10,24.209999084472656,open,,,RSI2<= 10,,
HPE,2025-10-10,24.0,open,,,RSI2<= 10,,
HPQ,2025-10-10,34.189998626708984,open,,,RSI2<= 10,,
HPQ,2025-10-10,33.84000015258789,open,,,RSI2<= 10,,
HPQ,2025-10-10,32.4900016784668,open,,,RSI2<= 10,,
HPQ,2025-10-10,32.459999084472656,open,,,RSI2<= 10,,
HPQ,2025-10-10,32.630001068115234,open,,,RSI2<= 10,,
HPQ,2025-10-10,32.630001068115234,open,,,RSI2<= 10,,
HPQ,2025-10-10,32.470001220703125,open,,,RSI2<= 10,,
HPQ,2025-10-10,32.619998931884766,open,,,RSI2<= 10,,
HPQ,2025-10-10,32.0,open,,,RSI2<= 10,,
HPQ,2025-10-10,33.83000183105469,open,,,RSI2<= 10,,
HPQ,2025-10-10,33.130001068115234,open,,,RSI2<= 10,,
HPQ,2025-10-10,30.8700008392334,open,,,RSI2<= 10,,
HPQ,2025-10-10,30.040000915527344,open,,,RSI2<= 10,,
HPQ,2025-10-10,29.290000915527344,open,,,RSI2<= 10,,
HPQ,2025-10-10,28.46999931335449,open,,,RSI2<= 10,,
HPQ,2025-10-10,28.3700008392334,open,,,RSI2<= 10,,
HPQ,2025-10-10,28.34000015258789,open,,,RSI2<= 10,,
HRL,2025-10-10,32.34000015258789,open,,,RSI2<= 10,,
HRL,2025-10-10,32.150001525878906,open,,,RSI2<= 10,,
HRL,2025-10-10,31.899999618530277,open,,,RSI2<= 10,,
HRL,2025-10-10,31.57999992370605,open,,,RSI2<= 10,,
HRL,2025-10-10,30.68000030517578,open,,,RSI2<= 10,,
HRL,2025-10-10,30.13999938964844,open,,,RSI2<= 10,,
HRL,2025-10-10,29.38999938964844,open,,,RSI2<= 10,,
HRL,2025-10-10,29.270000457763672,open,,,RSI2<= 10,,
HRL,2025-10-10,29.31999969482422,open,,,RSI2<= 10,,
HRL,2025-10-10,29.700000762939453,open,,,RSI2<= 10,,
HRL,2025-10-10,29.520000457763672,open,,,RSI2<= 10,,
HRL,2025-10-10,30.280000686645508,open,,,RSI2<= 10,,
HRL,2025-10-10,30.059999465942383,open,,,RSI2<= 10,,
HRL,2025-10-10,29.770000457763672,open,,,RSI2<= 10,,
HST,2025-10-10,18.65999984741211,open,,,RSI2<= 10,,
HST,2025-10-10,18.71999931335449,open,,,RSI2<= 10,,
HST,2025-10-10,17.549999237060547,open,,,RSI2<= 10,,
HST,2025-10-10,17.520000457763672,open,,,RSI2<= 10,,
HST,2025-10-10,17.200000762939453,open,,,RSI2<= 10,,
HST,2025-10-10,16.3700008392334,open,,,RSI2<= 10,,
HST,2025-10-10,16.309999465942383,open,,,RSI2<= 10,,
HST,2025-10-10,16.020000457763672,open,,,RSI2<= 10,,
HST,2025-10-10,16.149999618530273,open,,,RSI2<= 10,,
HST,2025-10-10,16.059999465942383,open,,,RSI2<= 10,,
HST,2025-10-10,16.1299991607666,open,,,RSI2<= 10,,
HST,2025-10-10,17.170000076293945,open,,,RSI2<= 10,,
HST,2025-10-10,16.6200008392334,open,,,RSI2<= 10,,
HST,2025-10-10,16.43000030517578,open,,,RSI2<= 10,,
HST,2025-10-10,16.25,open,,,RSI2<= 10,,
HST,2025-10-10,16.190000534057617,open,,,RSI2<= 10,,
IBM,2025-10-10,257.75,open,,,RSI2<= 10,,
IBM,2025-10-10,255.83999633789065,open,,,RSI2<= 10,,
IBM,2025-10-10,258.3699951171875,open,,,RSI2<= 10,,
IBM,2025-10-10,287.42999267578125,open,,,RSI2<= 10,,
IBM,2025-10-10,283.5899963378906,open,,,RSI2<= 10,,
IBM,2025-10-10,283.7900085449219,open,,,RSI2<= 10,,
IBM,2025-10-10,282.70001220703125,open,,,RSI2<= 10,,
IBM,2025-10-10,281.9200134277344,open,,,RSI2<= 10,,
IBM,2025-10-10,260.510009765625,open,,,RSI2<= 10,,
IBM,2025-10-10,259.7200012207031,open,,,RSI2<= 10,,
INTC,2025-10-10,22.989999771118164,open,,,RSI2<= 10,,
INTC,2025-10-10,23.420000076293945,open,,,RSI2<= 10,,
INTC,2025-10-10,22.709999084472656,open,,,RSI2<= 10,,
INTC,2025-10-10,22.709999084472656,open,,,RSI2<= 10,,
INTC,2025-10-10,22.690000534057617,open,,,RSI2<= 10,,
INVH,2025-10-10,33.130001068115234,open,,,RSI2<= 10,,
INVH,2025-10-10,32.400001525878906,open,,,RSI2<= 10,,
INVH,2025-10-10,33.099998474121094,open,,,RSI2<= 10,,
INVH,2025-10-10,32.88999938964844,open,,,RSI2<= 10,,
INVH,2025-10-10,32.540000915527344,open,,,RSI2<= 10,,
INVH,2025-10-10,33.72999954223633,open,,,RSI2<= 10,,
INVH,2025-10-10,33.470001220703125,open,,,RSI2<= 10,,
INVH,2025-10-10,33.58000183105469,open,,,RSI2<= 10,,
INVH,2025-10-10,33.099998474121094,open,,,RSI2<= 10,,
INVH,2025-10-10,33.0099983215332,open,,,RSI2<= 10,,
INVH,2025-10-10,32.939998626708984,open,,,RSI2<= 10,,
INVH,2025-10-10,32.959999084472656,open,,,RSI2<= 10,,
INVH,2025-10-10,32.91999816894531,open,,,RSI2<= 10,,
INVH,2025-10-10,32.720001220703125,open,,,RSI2<= 10,,
INVH,2025-10-10,32.5099983215332,open,,,RSI2<= 10,,
INVH,2025-10-10,32.22999954223633,open,,,RSI2<= 10,,
IP,2025-10-10,55.790000915527344,open,,,RSI2<= 10,,
IP,2025-10-10,55.2400016784668,open,,,RSI2<= 10,,
IP,2025-10-10,53.63999938964844,open,,,RSI2<= 10,,
IP,2025-10-10,53.650001525878906,open,,,RSI2<= 10,,
IP,2025-10-10,52.84999847412109,open,,,RSI2<= 10,,
IP,2025-10-10,57.04999923706055,open,,,RSI2<= 10,,
IP,2025-10-10,55.630001068115234,open,,,RSI2<= 10,,
IP,2025-10-10,53.88999938964844,open,,,RSI2<= 10,,
IP,2025-10-10,53.880001068115234,open,,,RSI2<= 10,,
IP,2025-10-10,51.29999923706055,open,,,RSI2<= 10,,
IPG,2025-10-10,29.920000076293945,open,,,RSI2<= 10,,
IPG,2025-10-10,29.170000076293945,open,,,RSI2<= 10,,
IPG,2025-10-10,29.06999969482422,open,,,RSI2<= 10,,
IPG,2025-10-10,28.6299991607666,open,,,RSI2<= 10,,
IPG,2025-10-10,27.790000915527344,open,,,RSI2<= 10,,
IPG,2025-10-10,27.700000762939453,open,,,RSI2<= 10,,
IPG,2025-10-10,27.530000686645508,open,,,RSI2<= 10,,
IPG,2025-10-10,26.63999938964844,open,,,RSI2<= 10,,
IPG,2025-10-10,27.979999542236328,open,,,RSI2<= 10,,
IPG,2025-10-10,27.71999931335449,open,,,RSI2<= 10,,
IPG,2025-10-10,27.489999771118164,open,,,RSI2<= 10,,
IPG,2025-10-10,27.18000030517578,open,,,RSI2<= 10,,
IPG,2025-10-10,27.170000076293945,open,,,RSI2<= 10,,
IPG,2025-10-10,26.780000686645508,open,,,RSI2<= 10,,
IPG,2025-10-10,26.350000381469727,open,,,RSI2<= 10,,
IPG,2025-10-10,26.09000015258789,open,,,RSI2<= 10,,
JNJ,2025-10-10,162.85000610351562,open,,,RSI2<= 10,,
JNJ,2025-10-10,161.02000427246094,open,,,RSI2<= 10,,
JNJ,2025-10-10,176.49000549316406,open,,,RSI2<= 10,,
JNJ,2025-10-10,175.4499969482422,open,,,RSI2<= 10,,
JNJ,2025-10-10,176.9600067138672,open,,,RSI2<= 10,,
JNJ,2025-10-10,175.7899932861328,open,,,RSI2<= 10,,
JPM,2025-10-10,289.3699951171875,open,,,RSI2<= 10,,
JPM,2025-10-10,310.7099914550781,open,,,RSI2<= 10,,
JPM,2025-10-10,307.54998779296875,open,,,RSI2<= 10,,
JPM,2025-10-10,304.0299987792969,open,,,RSI2<= 10,,
KDP,2025-10-10,33.119998931884766,open,,,RSI2<= 10,,
KDP,2025-10-10,33.040000915527344,open,,,RSI2<= 10,,
KDP,2025-10-10,32.529998779296875,open,,,RSI2<= 10,,
KDP,2025-10-10,32.540000915527344,open,,,RSI2<= 10,,
KDP,2025-10-10,34.459999084472656,open,,,RSI2<= 10,,
KDP,2025-10-10,34.400001525878906,open,,,RSI2<= 10,,
KDP,2025-10-10,34.040000915527344,open,,,RSI2<= 10,,
KDP,2025-10-10,33.540000915527344,open,,,RSI2<= 10,,
KDP,2025-10-10,33.5099983215332,open,,,RSI2<= 10,,
KDP,2025-10-10,33.08000183105469,open,,,RSI2<= 10,,
KDP,2025-10-10,32.720001220703125,open,,,RSI2<= 10,,
KDP,2025-10-10,33.0099983215332,open,,,RSI2<= 10,,
KDP,2025-10-10,32.91999816894531,open,,,RSI2<= 10,,
KDP,2025-10-10,32.869998931884766,open,,,RSI2<= 10,,
KDP,2025-10-10,32.72999954223633,open,,,RSI2<= 10,,
KDP,2025-10-10,32.560001373291016,open,,,RSI2<= 10,,
KDP,2025-10-10,33.2599983215332,open,,,RSI2<= 10,,
KDP,2025-10-10,32.7400016784668,open,,,RSI2<= 10,,
KDP,2025-10-10,32.970001220703125,open,,,RSI2<= 10,,
KEY,2025-10-10,18.200000762939453,open,,,RSI2<= 10,,
KEY,2025-10-10,17.799999237060547,open,,,RSI2<= 10,,
KEY,2025-10-10,17.889999389648438,open,,,RSI2<= 10,,
KEY,2025-10-10,18.15999984741211,open,,,RSI2<= 10,,
KEY,2025-10-10,17.920000076293945,open,,,RSI2<= 10,,
KEY,2025-10-10,17.649999618530273,open,,,RSI2<= 10,,
KEY,2025-10-10,17.40999984741211,open,,,RSI2<= 10,,
KEY,2025-10-10,18.84000015258789,open,,,RSI2<= 10,,
KEY,2025-10-10,18.6299991607666,open,,,RSI2<= 10,,
KEY,2025-10-10,18.51000022888184,open,,,RSI2<= 10,,
KEY,2025-10-10,18.450000762939453,open,,,RSI2<= 10,,
KEY,2025-10-10,18.09000015258789,open,,,RSI2<= 10,,
KHC,2025-10-10,30.049999237060547,open,,,RSI2<= 10,,
KHC,2025-10-10,29.770000457763672,open,,,RSI2<= 10,,
KHC,2025-10-10,29.65999984741211,open,,,RSI2<= 10,,
KHC,2025-10-10,28.51000022888184,open,,,RSI2<= 10,,
KHC,2025-10-10,28.700000762939453,open,,,RSI2<= 10,,
KHC,2025-10-10,28.61000061035156,open,,,RSI2<= 10,,
KHC,2025-10-10,30.299999237060547,open,,,RSI2<= 10,,
KHC,2025-10-10,30.190000534057617,open,,,RSI2<= 10,,
KHC,2025-10-10,29.520000457763672,open,,,RSI2<= 10,,
KHC,2025-10-10,29.1200008392334,open,,,RSI2<= 10,,
KHC,2025-10-10,29.100000381469727,open,,,RSI2<= 10,,
KHC,2025-10-10,28.530000686645508,open,,,RSI2<= 10,,
KHC,2025-10-10,28.809999465942383,open,,,RSI2<= 10,,
KMI,2025-10-10,27.530000686645508,open,,,RSI2<= 10,,
KMI,2025-10-10,27.799999237060547,open,,,RSI2<= 10,,
KMI,2025-10-10,27.790000915527344,open,,,RSI2<= 10,,
KO,2025-10-10,69.62000274658203,open,,,RSI2<= 10,,
KO,2025-10-10,69.16000366210938,open,,,RSI2<= 10,,
KO,2025-10-10,69.52999877929688,open,,,RSI2<= 10,,
KO,2025-10-10,68.95999908447266,open,,,RSI2<= 10,,
KO,2025-10-10,70.5199966430664,open,,,RSI2<= 10,,
KO,2025-10-10,69.62000274658203,open,,,RSI2<= 10,,
KO,2025-10-10,69.20999908447266,open,,,RSI2<= 10,,
KO,2025-10-10,68.83999633789062,open,,,RSI2<= 10,,
KO,2025-10-10,69.4800033569336,open,,,RSI2<= 10,,
KO,2025-10-10,69.55000305175781,open,,,RSI2<= 10,,
KO,2025-10-10,68.93000030517578,open,,,RSI2<= 10,,
KO,2025-10-10,68.7300033569336,open,,,RSI2<= 10,,
KR,2025-10-10,69.04000091552734,open,,,RSI2<= 10,,
KR,2025-10-10,67.48999786376953,open,,,RSI2<= 10,,
KR,2025-10-10,70.2300033569336,open,,,RSI2<= 10,,
KR,2025-10-10,69.83000183105469,open,,,RSI2<= 10,,
KR,2025-10-10,69.31999969482422,open,,,RSI2<= 10,,
KR,2025-10-10,69.30000305175781,open,,,RSI2<= 10,,
KR,2025-10-10,69.30000305175781,open,,,RSI2<= 10,,
KR,2025-10-10,70.33000183105469,open,,,RSI2<= 10,,
KR,2025-10-10,69.2300033569336,open,,,RSI2<= 10,,
KR,2025-10-10,67.9800033569336,open,,,RSI2<= 10,,
KR,2025-10-10,67.45999908447266,open,,,RSI2<= 10,,
KVUE,2025-10-10,22.06999969482422,open,,,RSI2<= 10,,
KVUE,2025-10-10,22.040000915527344,open,,,RSI2<= 10,,
KVUE,2025-10-10,22.32999992370605,open,,,RSI2<= 10,,
KVUE,2025-10-10,21.770000457763672,open,,,RSI2<= 10,,
KVUE,2025-10-10,23.11000061035156,open,,,RSI2<= 10,,
KVUE,2025-10-10,22.209999084472656,open,,,RSI2<= 10,,
KVUE,2025-10-10,21.68000030517578,open,,,RSI2<= 10,,
KVUE,2025-10-10,21.68000030517578,open,,,RSI2<= 10,,
LRCX,2025-10-10,94.83999633789062,open,,,RSI2<= 10,,
LRCX,2025-10-10,97.02999877929688,open,,,RSI2<= 10,,
LUV,2025-10-10,33.59000015258789,open,,,RSI2<= 10,,
LUV,2025-10-10,33.58000183105469,open,,,RSI2<= 10,,
LUV,2025-10-10,31.729999542236328,open,,,RSI2<= 10,,
LUV,2025-10-10,33.2599983215332,open,,,RSI2<= 10,,
LUV,2025-10-10,33.209999084472656,open,,,RSI2<= 10,,
LUV,2025-10-10,32.52000045776367,open,,,RSI2<= 10,,
LUV,2025-10-10,32.25,open,,,RSI2<= 10,,
LUV,2025-10-10,31.68000030517578,open,,,RSI2<= 10,,
LVS,2025-10-10,50.70000076293945,open,,,RSI2<= 10,,
LVS,2025-10-10,47.209999084472656,open,,,RSI2<= 10,,
LVS,2025-10-10,46.869998931884766,open,,,RSI2<= 10,,
LVS,2025-10-10,48.66999816894531,open,,,RSI2<= 10,,
LVS,2025-10-10,48.27000045776367,open,,,RSI2<= 10,,
LVS,2025-10-10,52.79999923706055,open,,,RSI2<= 10,,
LVS,2025-10-10,55.369998931884766,open,,,RSI2<= 10,,
LVS,2025-10-10,55.11000061035156,open,,,RSI2<= 10,,
LVS,2025-10-10,53.70000076293945,open,,,RSI2<= 10,,
LVS,2025-10-10,53.75,open,,,RSI2<= 10,,
LVS,2025-10-10,51.86000061035156,open,,,RSI2<= 10,,
MCHP,2025-10-10,67.80999755859375,open,,,RSI2<= 10,,
MCHP,2025-10-10,67.58999633789062,open,,,RSI2<= 10,,
MCHP,2025-10-10,66.36000061035156,open,,,RSI2<= 10,,
MCHP,2025-10-10,61.869998931884766,open,,,RSI2<= 10,,
MCHP,2025-10-10,60.95000076293945,open,,,RSI2<= 10,,
MCHP,2025-10-10,65.25,open,,,RSI2<= 10,,
MCHP,2025-10-10,65.0,open,,,RSI2<= 10,,
MCHP,2025-10-10,63.59999847412109,open,,,RSI2<= 10,,
MCHP,2025-10-10,63.27999877929688,open,,,RSI2<= 10,,
MCHP,2025-10-10,63.16999816894531,open,,,RSI2<= 10,,
MDLZ,2025-10-10,64.9800033569336,open,,,RSI2<= 10,,
MDLZ,2025-10-10,64.69000244140625,open,,,RSI2<= 10,,
MDLZ,2025-10-10,64.30999755859375,open,,,RSI2<= 10,,
MDLZ,2025-10-10,64.05999755859375,open,,,RSI2<= 10,,
MDLZ,2025-10-10,65.5199966430664,open,,,RSI2<= 10,,
MDLZ,2025-10-10,65.0999984741211,open,,,RSI2<= 10,,
MDLZ,2025-10-10,66.37000274658203,open,,,RSI2<= 10,,
MDLZ,2025-10-10,65.83000183105469,open,,,RSI2<= 10,,
MDLZ,2025-10-10,64.13999938964844,open,,,RSI2<= 10,,
MDLZ,2025-10-10,66.37000274658203,open,,,RSI2<= 10,,
MDLZ,2025-10-10,66.1500015258789,open,,,RSI2<= 10,,
MDLZ,2025-10-10,66.8499984741211,open,,,RSI2<= 10,,
MDLZ,2025-10-10,65.0999984741211,open,,,RSI2<= 10,,
MDLZ,2025-10-10,64.69000244140625,open,,,RSI2<= 10,,
MDT,2025-10-10,91.51000213623048,open,,,RSI2<= 10,,
MDT,2025-10-10,91.22000122070312,open,,,RSI2<= 10,,
MDT,2025-10-10,90.33000183105467,open,,,RSI2<= 10,,
MDT,2025-10-10,90.12999725341795,open,,,RSI2<= 10,,
MDT,2025-10-10,88.58999633789062,open,,,RSI2<= 10,,
MDT,2025-10-10,90.23999786376952,open,,,RSI2<= 10,,
MDT,2025-10-10,89.33999633789062,open,,,RSI2<= 10,,
MDT,2025-10-10,89.9000015258789,open,,,RSI2<= 10,,
META,2025-10-10,694.8400268554688,open,,,RSI2<= 10,,
META,2025-10-10,683.5499877929688,open,,,RSI2<= 10,,
META,2025-10-10,668.1300048828125,open,,,RSI2<= 10,,
META,2025-10-10,702.9099731445312,open,,,RSI2<= 10,,
META,2025-10-10,701.4099731445312,open,,,RSI2<= 10,,
META,2025-10-10,751.47998046875,open,,,RSI2<= 10,,
META,2025-10-10,747.719970703125,open,,,RSI2<= 10,,
META,2025-10-10,739.0999755859375,open,,,RSI2<= 10,,
META,2025-10-10,755.4000244140625,open,,,RSI2<= 10,,
META,2025-10-10,743.4000244140625,open,,,RSI2<= 10,,
META,2025-10-10,734.3800048828125,open,,,RSI2<= 10,,
META,2025-10-10,717.3400268554688,open,,,RSI2<= 10,,
MGM,2025-10-10,35.279998779296875,open,,,RSI2<= 10,,
MGM,2025-10-10,35.369998931884766,open,,,RSI2<= 10,,
MGM,2025-10-10,36.0,open,,,RSI2<= 10,,
MGM,2025-10-10,34.66999816894531,open,,,RSI2<= 10,,
MGM,2025-10-10,35.75,open,,,RSI2<= 10,,
MGM,2025-10-10,35.5099983215332,open,,,RSI2<= 10,,
MGM,2025-10-10,34.970001220703125,open,,,RSI2<= 10,,
MGM,2025-10-10,34.709999084472656,open,,,RSI2<= 10,,
MGM,2025-10-10,34.18000030517578,open,,,RSI2<= 10,,
MGM,2025-10-10,38.11000061035156,open,,,RSI2<= 10,,
MGM,2025-10-10,37.02999877929688,open,,,RSI2<= 10,,
MGM,2025-10-10,36.68000030517578,open,,,RSI2<= 10,,
MGM,2025-10-10,36.20000076293945,open,,,RSI2<= 10,,
MGM,2025-10-10,36.0,open,,,RSI2<= 10,,
MGM,2025-10-10,35.95000076293945,open,,,RSI2<= 10,,
MGM,2025-10-10,35.34000015258789,open,,,RSI2<= 10,,
MGM,2025-10-10,34.54999923706055,open,,,RSI2<= 10,,
MNST,2025-10-10,61.709999084472656,open,,,RSI2<= 10,,
MNST,2025-10-10,61.59000015258789,open,,,RSI2<= 10,,
MNST,2025-10-10,59.56999969482422,open,,,RSI2<= 10,,
MNST,2025-10-10,59.16999816894531,open,,,RSI2<= 10,,
MNST,2025-10-10,58.83000183105469,open,,,RSI2<= 10,,
MNST,2025-10-10,62.84000015258789,open,,,RSI2<= 10,,
MNST,2025-10-10,62.29999923706055,open,,,RSI2<= 10,,
MNST,2025-10-10,62.119998931884766,open,,,RSI2<= 10,,
MNST,2025-10-10,61.72999954223633,open,,,RSI2<= 10,,
MO,2025-10-10,59.06999969482422,open,,,RSI2<= 10,,
MO,2025-10-10,66.44999694824219,open,,,RSI2<= 10,,
MO,2025-10-10,66.41000366210938,open,,,RSI2<= 10,,
MO,2025-10-10,65.7699966430664,open,,,RSI2<= 10,,
MO,2025-10-10,64.80999755859375,open,,,RSI2<= 10,,
MOS,2025-10-10,34.79999923706055,open,,,RSI2<= 10,,
MOS,2025-10-10,34.59000015258789,open,,,RSI2<= 10,,
MOS,2025-10-10,34.08000183105469,open,,,RSI2<= 10,,
MOS,2025-10-10,35.540000915527344,open,,,RSI2<= 10,,
MOS,2025-10-10,35.470001220703125,open,,,RSI2<= 10,,
MOS,2025-10-10,35.18000030517578,open,,,RSI2<= 10,,
MOS,2025-10-10,35.939998626708984,open,,,RSI2<= 10,,
MOS,2025-10-10,35.52000045776367,open,,,RSI2<= 10,,
MOS,2025-10-10,35.27000045776367,open,,,RSI2<= 10,,
MOS,2025-10-10,35.31999969482422,open,,,RSI2<= 10,,
MOS,2025-10-10,30.93000030517578,open,,,RSI2<= 10,,
MOS,2025-10-10,32.689998626708984,open,,,RSI2<= 10,,
MOS,2025-10-10,32.619998931884766,open,,,RSI2<= 10,,
MOS,2025-10-10,32.45000076293945,open,,,RSI2<= 10,,
MOS,2025-10-10,33.439998626708984,open,,,RSI2<= 10,,
MRK,2025-10-10,100.05999755859376,open,,,RSI2<= 10,,
MRK,2025-10-10,100.05999755859376,open,,,RSI2<= 10,,
MRK,2025-10-10,98.33999633789062,open,,,RSI2<= 10,,
MRK,2025-10-10,96.23999786376952,open,,,RSI2<= 10,,
MRK,2025-10-10,95.68000030517578,open,,,RSI2<= 10,,
MRK,2025-10-10,90.73999786376952,open,,,RSI2<= 10,,
MRK,2025-10-10,89.66999816894531,open,,,RSI2<= 10,,
MRK,2025-10-10,88.05000305175781,open,,,RSI2<= 10,,
MRK,2025-10-10,87.27999877929688,open,,,RSI2<= 10,,
MRK,2025-10-10,86.4000015258789,open,,,RSI2<= 10,,
MRK,2025-10-10,87.87000274658203,open,,,RSI2<= 10,,
MRK,2025-10-10,88.11000061035156,open,,,RSI2<= 10,,
MRK,2025-10-10,87.5999984741211,open,,,RSI2<= 10,,
MRNA,2025-10-10,41.84000015258789,open,,,RSI2<= 10,,
MRNA,2025-10-10,40.7599983215332,open,,,RSI2<= 10,,
MRNA,2025-10-10,38.36000061035156,open,,,RSI2<= 10,,
MRNA,2025-10-10,35.150001525878906,open,,,RSI2<= 10,,
MRNA,2025-10-10,34.459999084472656,open,,,RSI2<= 10,,
MRNA,2025-10-10,33.7599983215332,open,,,RSI2<= 10,,
MRNA,2025-10-10,36.54999923706055,open,,,RSI2<= 10,,
MRNA,2025-10-10,34.16999816894531,open,,,RSI2<= 10,,
MRNA,2025-10-10,32.599998474121094,open,,,RSI2<= 10,,
MRNA,2025-10-10,31.8700008392334,open,,,RSI2<= 10,,
MRNA,2025-10-10,30.93000030517578,open,,,RSI2<= 10,,
MRNA,2025-10-10,30.53499984741211,open,,,RSI2<= 10,,
MRNA,2025-10-10,31.09000015258789,open,,,RSI2<= 10,,
MRNA,2025-10-10,30.959999084472656,open,,,RSI2<= 10,,
MRNA,2025-10-10,32.45000076293945,open,,,RSI2<= 10,,
MRNA,2025-10-10,32.150001525878906,open,,,RSI2<= 10,,
MS,2025-10-10,139.08999633789062,open,,,RSI2<= 10,,
MS,2025-10-10,155.3000030517578,open,,,RSI2<= 10,,
MSFT,2025-10-10,509.7699890136719,open,,,RSI2<= 10,,
MSFT,2025-10-10,505.7200012207031,open,,,RSI2<= 10,,
MSFT,2025-10-10,504.239990234375,open,,,RSI2<= 10,,
MU,2025-10-10,108.26000213623048,open,,,RSI2<= 10,,
MU,2025-10-10,108.5999984741211,open,,,RSI2<= 10,,
MU,2025-10-10,120.88999938964844,open,,,RSI2<= 10,,
MU,2025-10-10,113.26000213623048,open,,,RSI2<= 10,,
MU,2025-10-10,109.22000122070312,open,,,RSI2<= 10,,
MU,2025-10-10,115.79000091552734,open,,,RSI2<= 10,,
NCLH,2025-10-10,26.6200008392334,open,,,RSI2<= 10,,
NCLH,2025-10-10,26.38999938964844,open,,,RSI2<= 10,,
NCLH,2025-10-10,25.100000381469727,open,,,RSI2<= 10,,
NCLH,2025-10-10,26.489999771118164,open,,,RSI2<= 10,,
NCLH,2025-10-10,26.190000534057617,open,,,RSI2<= 10,,
NCLH,2025-10-10,24.11000061035156,open,,,RSI2<= 10,,
NCLH,2025-10-10,22.71999931335449,open,,,RSI2<= 10,,
NCLH,2025-10-10,23.729999542236328,open,,,RSI2<= 10,,
NCLH,2025-10-10,23.36000061035156,open,,,RSI2<= 10,,
NCLH,2025-10-10,24.75,open,,,RSI2<= 10,,
NCLH,2025-10-10,24.6299991607666,open,,,RSI2<= 10,,
NCLH,2025-10-10,24.190000534057617,open,,,RSI2<= 10,,
NCLH,2025-10-10,23.68000030517578,open,,,RSI2<= 10,,
NCLH,2025-10-10,23.290000915527344,open,,,RSI2<= 10,,
NEE,2025-10-10,72.79000091552734,open,,,RSI2<= 10,,
NEE,2025-10-10,72.2699966430664,open,,,RSI2<= 10,,
NEE,2025-10-10,71.33999633789062,open,,,RSI2<= 10,,
NEE,2025-10-10,73.88999938964844,open,,,RSI2<= 10,,
NEE,2025-10-10,72.08999633789062,open,,,RSI2<= 10,,
NEE,2025-10-10,72.05000305175781,open,,,RSI2<= 10,,
NKE,2025-10-10,74.6500015258789,open,,,RSI2<= 10,,
NKE,2025-10-10,72.0,open,,,RSI2<= 10,,
NKE,2025-10-10,71.29000091552734,open,,,RSI2<= 10,,
NKE,2025-10-10,71.19999694824219,open,,,RSI2<= 10,,
NKE,2025-10-10,74.56999969482422,open,,,RSI2<= 10,,
NKE,2025-10-10,71.73999786376953,open,,,RSI2<= 10,,
NKE,2025-10-10,77.31999969482422,open,,,RSI2<= 10,,
NKE,2025-10-10,74.16999816894531,open,,,RSI2<= 10,,
NKE,2025-10-10,73.58000183105469,open,,,RSI2<= 10,,
NKE,2025-10-10,72.63999938964844,open,,,RSI2<= 10,,
NKE,2025-10-10,71.66000366210938,open,,,RSI2<= 10,,
NKE,2025-10-10,74.29000091552734,open,,,RSI2<= 10,,
NKE,2025-10-10,72.30999755859375,open,,,RSI2<= 10,,
NKE,2025-10-10,72.0999984741211,open,,,RSI2<= 10,,
NKE,2025-10-10,70.88999938964844,open,,,RSI2<= 10,,
NVDA,2025-10-10,167.02999877929688,open,,,RSI2<= 10,,
NVDA,2025-10-10,174.97999572753906,open,,,RSI2<= 10,,
NVDA,2025-10-10,174.17999267578125,open,,,RSI2<= 10,,
NVDA,2025-10-10,170.77999877929688,open,,,RSI2<= 10,,
NVDA,2025-10-10,170.6199951171875,open,,,RSI2<= 10,,
NVDA,2025-10-10,167.02000427246094,open,,,RSI2<= 10,,
NVDA,2025-10-10,170.2899932861328,open,,,RSI2<= 10,,
OMC,2025-10-10,90.88999938964844,open,,,RSI2<= 10,,
OMC,2025-10-10,88.97000122070312,open,,,RSI2<= 10,,
OMC,2025-10-10,87.75,open,,,RSI2<= 10,,
OMC,2025-10-10,87.88999938964844,open,,,RSI2<= 10,,
OMC,2025-10-10,84.62999725341797,open,,,RSI2<= 10,,
OMC,2025-10-10,84.13999938964844,open,,,RSI2<= 10,,
OMC,2025-10-10,82.06999969482422,open,,,RSI2<= 10,,
OMC,2025-10-10,84.2300033569336,open,,,RSI2<= 10,,
OMC,2025-10-10,83.80000305175781,open,,,RSI2<= 10,,
OMC,2025-10-10,82.58000183105469,open,,,RSI2<= 10,,
OMC,2025-10-10,82.41000366210938,open,,,RSI2<= 10,,
OMC,2025-10-10,81.2300033569336,open,,,RSI2<= 10,,
OMC,2025-10-10,81.76000213623047,open,,,RSI2<= 10,,
OMC,2025-10-10,79.4800033569336,open,,,RSI2<= 10,,
ON,2025-10-10,63.459999084472656,open,,,RSI2<= 10,,
ON,2025-10-10,63.04999923706055,open,,,RSI2<= 10,,
ON,2025-10-10,61.709999084472656,open,,,RSI2<= 10,,
ON,2025-10-10,58.310001373291016,open,,,RSI2<= 10,,
ON,2025-10-10,53.93999862670898,open,,,RSI2<= 10,,
ON,2025-10-10,53.77000045776367,open,,,RSI2<= 10,,
ON,2025-10-10,53.27000045776367,open,,,RSI2<= 10,,
ON,2025-10-10,52.34000015258789,open,,,RSI2<= 10,,
ON,2025-10-10,50.2599983215332,open,,,RSI2<= 10,,
ON,2025-10-10,51.220001220703125,open,,,RSI2<= 10,,
ON,2025-10-10,50.54999923706055,open,,,RSI2<= 10,,
ON,2025-10-10,52.40999984741211,open,,,RSI2<= 10,,
ON,2025-10-10,55.43999862670898,open,,,RSI2<= 10,,
ORCL,2025-10-10,234.6199951171875,open,,,RSI2<= 10,,
ORCL,2025-10-10,233.16000366210935,open,,,RSI2<= 10,,
ORCL,2025-10-10,223.0,open,,,RSI2<= 10,,
ORCL,2025-10-10,283.4599914550781,open,,,RSI2<= 10,,
ORCL,2025-10-10,282.760009765625,open,,,RSI2<= 10,,
ORCL,2025-10-10,281.239990234375,open,,,RSI2<= 10,,
OXY,2025-10-10,46.59999847412109,open,,,RSI2<= 10,,
OXY,2025-10-10,46.560001373291016,open,,,RSI2<= 10,,
OXY,2025-10-10,46.02000045776367,open,,,RSI2<= 10,,
OXY,2025-10-10,45.36000061035156,open,,,RSI2<= 10,,
OXY,2025-10-10,50.54999923706055,open,,,RSI2<= 10,,
OXY,2025-10-10,50.20000076293945,open,,,RSI2<= 10,,
OXY,2025-10-10,49.290000915527344,open,,,RSI2<= 10,,
OXY,2025-10-10,46.650001525878906,open,,,RSI2<= 10,,
OXY,2025-10-10,46.369998931884766,open,,,RSI2<= 10,,
OXY,2025-10-10,46.45000076293945,open,,,RSI2<= 10,,
OXY,2025-10-10,45.5099983215332,open,,,RSI2<= 10,,
PANW,2025-10-10,202.5,open,,,RSI2<= 10,,
PANW,2025-10-10,201.2400054931641,open,,,RSI2<= 10,,
PANW,2025-10-10,188.75999450683597,open,,,RSI2<= 10,,
PANW,2025-10-10,189.3600006103516,open,,,RSI2<= 10,,
PANW,2025-10-10,191.02999877929688,open,,,RSI2<= 10,,
PANW,2025-10-10,190.38999938964844,open,,,RSI2<= 10,,
PANW,2025-10-10,188.00999450683597,open,,,RSI2<= 10,,
PCG,2025-10-10,17.170000076293945,open,,,RSI2<= 10,,
PCG,2025-10-10,16.219999313354492,open,,,RSI2<= 10,,
PCG,2025-10-10,16.219999313354492,open,,,RSI2<= 10,,
PCG,2025-10-10,16.440000534057617,open,,,RSI2<= 10,,
PCG,2025-10-10,16.079999923706055,open,,,RSI2<= 10,,
PCG,2025-10-10,16.520000457763672,open,,,RSI2<= 10,,
PCG,2025-10-10,17.020000457763672,open,,,RSI2<= 10,,
PCG,2025-10-10,16.899999618530273,open,,,RSI2<= 10,,
PCG,2025-10-10,16.540000915527344,open,,,RSI2<= 10,,
PCG,2025-10-10,16.059999465942383,open,,,RSI2<= 10,,
PEP,2025-10-10,156.02000427246094,open,,,RSI2<= 10,,
PEP,2025-10-10,156.13999938964844,open,,,RSI2<= 10,,
PEP,2025-10-10,154.42999267578125,open,,,RSI2<= 10,,
PEP,2025-10-10,151.47000122070312,open,,,RSI2<= 10,,
PEP,2025-10-10,149.64999389648438,open,,,RSI2<= 10,,
PEP,2025-10-10,146.27000427246094,open,,,RSI2<= 10,,
PEP,2025-10-10,145.39999389648438,open,,,RSI2<= 10,,
PEP,2025-10-10,143.49000549316406,open,,,RSI2<= 10,,
PEP,2025-10-10,148.1699981689453,open,,,RSI2<= 10,,
PEP,2025-10-10,145.4499969482422,open,,,RSI2<= 10,,
PEP,2025-10-10,143.19000244140625,open,,,RSI2<= 10,,
PFE,2025-10-10,26.21999931335449,open,,,RSI2<= 10,,
PFE,2025-10-10,25.8700008392334,open,,,RSI2<= 10,,
PFE,2025-10-10,25.600000381469727,open,,,RSI2<= 10,,
PFE,2025-10-10,25.549999237060547,open,,,RSI2<= 10,,
PFE,2025-10-10,25.209999084472656,open,,,RSI2<= 10,,
PFE,2025-10-10,25.01000022888184,open,,,RSI2<= 10,,
PFE,2025-10-10,25.239999771118164,open,,,RSI2<= 10,,
PG,2025-10-10,171.13999938964844,open,,,RSI2<= 10,,
PG,2025-10-10,170.3300018310547,open,,,RSI2<= 10,,
PG,2025-10-10,169.0800018310547,open,,,RSI2<= 10,,
PG,2025-10-10,169.19000244140625,open,,,RSI2<= 10,,
PG,2025-10-10,168.05999755859375,open,,,RSI2<= 10,,
PG,2025-10-10,168.11000061035156,open,,,RSI2<= 10,,
PG,2025-10-10,165.1300048828125,open,,,RSI2<= 10,,
PG,2025-10-10,168.3699951171875,open,,,RSI2<= 10,,
PG,2025-10-10,167.97000122070312,open,,,RSI2<= 10,,
PG,2025-10-10,165.64999389648438,open,,,RSI2<= 10,,
PG,2025-10-10,162.85000610351562,open,,,RSI2<= 10,,
PG,2025-10-10,162.8000030517578,open,,,RSI2<= 10,,
PLTR,2025-10-10,130.74000549316406,open,,,RSI2<= 10,,
PLTR,2025-10-10,174.02999877929688,open,,,RSI2<= 10,,
PLTR,2025-10-10,157.75,open,,,RSI2<= 10,,
PLTR,2025-10-10,156.00999450683594,open,,,RSI2<= 10,,
PLTR,2025-10-10,156.17999267578125,open,,,RSI2<= 10,,
PM,2025-10-10,164.8300018310547,open,,,RSI2<= 10,,
PM,2025-10-10,163.82000732421875,open,,,RSI2<= 10,,
PM,2025-10-10,179.02999877929688,open,,,RSI2<= 10,,
PM,2025-10-10,179.60000610351562,open,,,RSI2<= 10,,
PM,2025-10-10,175.91000366210938,open,,,RSI2<= 10,,
PM,2025-10-10,165.27000427246094,open,,,RSI2<= 10,,
PM,2025-10-10,164.6699981689453,open,,,RSI2<= 10,,
PM,2025-10-10,161.0800018310547,open,,,RSI2<= 10,,
PM,2025-10-10,160.9199981689453,open,,,RSI2<= 10,,
PM,2025-10-10,165.27000427246094,open,,,RSI2<= 10,,
PM,2025-10-10,164.19000244140625,open,,,RSI2<= 10,,
PM,2025-10-10,161.14999389648438,open,,,RSI2<= 10,,
PM,2025-10-10,160.86000061035156,open,,,RSI2<= 10,,
PSKY,2025-10-10,12.56999969482422,open,,,RSI2<= 10,,
PSKY,2025-10-10,14.6899995803833,open,,,RSI2<= 10,,
PSKY,2025-10-10,14.460000038146973,open,,,RSI2<= 10,,
PSKY,2025-10-10,17.969999313354492,open,,,RSI2<= 10,,
PYPL,2025-10-10,91.3000030517578,open,,,RSI2<= 10,,
PYPL,2025-10-10,90.86000061035156,open,,,RSI2<= 10,,
PYPL,2025-10-10,85.44999694824219,open,,,RSI2<= 10,,
PYPL,2025-10-10,85.43000030517578,open,,,RSI2<= 10,,
PYPL,2025-10-10,85.3499984741211,open,,,RSI2<= 10,,
PYPL,2025-10-10,83.36000061035156,open,,,RSI2<= 10,,
PYPL,2025-10-10,77.7249984741211,open,,,RSI2<= 10,,
PYPL,2025-10-10,74.94999694824219,open,,,RSI2<= 10,,
PYPL,2025-10-10,74.06999969482422,open,,,RSI2<= 10,,
QCOM,2025-10-10,157.88999938964844,open,,,RSI2<= 10,,
QCOM,2025-10-10,157.9199981689453,open,,,RSI2<= 10,,
QCOM,2025-10-10,165.42999267578125,open,,,RSI2<= 10,,
QCOM,2025-10-10,161.10000610351562,open,,,RSI2<= 10,,
QCOM,2025-10-10,161.22000122070312,open,,,RSI2<= 10,,
QCOM,2025-10-10,157.4600067138672,open,,,RSI2<= 10,,
RF,2025-10-10,25.18000030517578,open,,,RSI2<= 10,,
RF,2025-10-10,24.61000061035156,open,,,RSI2<= 10,,
RF,2025-10-10,24.049999237060547,open,,,RSI2<= 10,,
RF,2025-10-10,24.030000686645508,open,,,RSI2<= 10,,
RF,2025-10-10,25.700000762939453,open,,,RSI2<= 10,,
RF,2025-10-10,25.32999992370605,open,,,RSI2<= 10,,
RF,2025-10-10,24.88999938964844,open,,,RSI2<= 10,,
RF,2025-10-10,24.63999938964844,open,,,RSI2<= 10,,
RF,2025-10-10,26.559999465942383,open,,,RSI2<= 10,,
RF,2025-10-10,26.3700008392334,open,,,RSI2<= 10,,
RF,2025-10-10,26.209999084472656,open,,,RSI2<= 10,,
RF,2025-10-10,26.200000762939453,open,,,RSI2<= 10,,
RF,2025-10-10,25.290000915527344,open,,,RSI2<= 10,,
RF,2025-10-10,25.309999465942383,open,,,RSI2<= 10,,
RTX,2025-10-10,141.85000610351562,open,,,RSI2<= 10,,
RTX,2025-10-10,141.3800048828125,open,,,RSI2<= 10,,
RTX,2025-10-10,154.86000061035156,open,,,RSI2<= 10,,
RTX,2025-10-10,154.8000030517578,open,,,RSI2<= 10,,
RTX,2025-10-10,154.08999633789062,open,,,RSI2<= 10,,
RTX,2025-10-10,154.22000122070312,open,,,RSI2<= 10,,
RTX,2025-10-10,151.75,open,,,RSI2<= 10,,
RTX,2025-10-10,162.17999267578125,open,,,RSI2<= 10,,
SBUX,2025-10-10,93.12000274658205,open,,,RSI2<= 10,,
SBUX,2025-10-10,105.47000122070312,open,,,RSI2<= 10,,
SBUX,2025-10-10,101.12999725341795,open,,,RSI2<= 10,,
SBUX,2025-10-10,99.58000183105467,open,,,RSI2<= 10,,
SBUX,2025-10-10,98.69000244140624,open,,,RSI2<= 10,,
SBUX,2025-10-10,96.04000091552734,open,,,RSI2<= 10,,
SBUX,2025-10-10,95.72000122070312,open,,,RSI2<= 10,,
SBUX,2025-10-10,93.41999816894533,open,,,RSI2<= 10,,
SCHW,2025-10-10,87.23999786376953,open,,,RSI2<= 10,,
SCHW,2025-10-10,87.36000061035156,open,,,RSI2<= 10,,
SCHW,2025-10-10,95.52999877929688,open,,,RSI2<= 10,,
SLB,2025-10-10,39.880001068115234,open,,,RSI2<= 10,,
SLB,2025-10-10,38.93000030517578,open,,,RSI2<= 10,,
SLB,2025-10-10,37.33000183105469,open,,,RSI2<= 10,,
SLB,2025-10-10,36.90999984741211,open,,,RSI2<= 10,,
SLB,2025-10-10,36.83000183105469,open,,,RSI2<= 10,,
SLB,2025-10-10,40.27999877929688,open,,,RSI2<= 10,,
SLB,2025-10-10,40.15999984741211,open,,,RSI2<= 10,,
SLB,2025-10-10,41.0099983215332,open,,,RSI2<= 10,,
SLB,2025-10-10,40.59999847412109,open,,,RSI2<= 10,,
SLB,2025-10-10,39.209999084472656,open,,,RSI2<= 10,,
SMCI,2025-10-10,45.540000915527344,open,,,RSI2<= 10,,
SMCI,2025-10-10,49.86000061035156,open,,,RSI2<= 10,,
SMCI,2025-10-10,46.790000915527344,open,,,RSI2<= 10,,
SMCI,2025-10-10,46.66999816894531,open,,,RSI2<= 10,,
SMCI,2025-10-10,44.59999847412109,open,,,RSI2<= 10,,
SMCI,2025-10-10,43.2400016784668,open,,,RSI2<= 10,,
SMCI,2025-10-10,42.61000061035156,open,,,RSI2<= 10,,
SMCI,2025-10-10,42.310001373291016,open,,,RSI2<= 10,,
SMCI,2025-10-10,41.540000915527344,open,,,RSI2<= 10,,
STX,2025-10-10,142.00999450683594,open,,,RSI2<= 10,,
STX,2025-10-10,147.27000427246094,open,,,RSI2<= 10,,
STX,2025-10-10,225.00999450683597,open,,,RSI2<= 10,,
STX,2025-10-10,224.3500061035156,open,,,RSI2<= 10,,
STX,2025-10-10,221.6999969482422,open,,,RSI2<= 10,,
SW,2025-10-10,54.70000076293945,open,,,RSI2<= 10,,
SW,2025-10-10,53.93000030517578,open,,,RSI2<= 10,,
SW,2025-10-10,51.7400016784668,open,,,RSI2<= 10,,
SW,2025-10-10,51.18000030517578,open,,,RSI2<= 10,,
SW,2025-10-10,52.29999923706055,open,,,RSI2<= 10,,
SW,2025-10-10,53.560001373291016,open,,,RSI2<= 10,,
SW,2025-10-10,53.2599983215332,open,,,RSI2<= 10,,
SW,2025-10-10,53.09000015258789,open,,,RSI2<= 10,,
SW,2025-10-10,50.93000030517578,open,,,RSI2<= 10,,
SW,2025-10-10,46.68999862670898,open,,,RSI2<= 10,,
T,2025-10-10,27.649999618530277,open,,,RSI2<= 10,,
T,2025-10-10,27.65999984741211,open,,,RSI2<= 10,,
T,2025-10-10,27.6200008392334,open,,,RSI2<= 10,,
T,2025-10-10,26.96999931335449,open,,,RSI2<= 10,,
T,2025-10-10,28.790000915527344,open,,,RSI2<= 10,,
T,2025-10-10,28.31999969482422,open,,,RSI2<= 10,,
T,2025-10-10,28.299999237060547,open,,,RSI2<= 10,,
T,2025-10-10,28.309999465942383,open,,,RSI2<= 10,,
T,2025-10-10,28.06999969482422,open,,,RSI2<= 10,,
T,2025-10-10,27.01000022888184,open,,,RSI2<= 10,,
TFC,2025-10-10,45.290000915527344,open,,,RSI2<= 10,,
TFC,2025-10-10,45.130001068115234,open,,,RSI2<= 10,,
TFC,2025-10-10,43.11000061035156,open,,,RSI2<= 10,,
TFC,2025-10-10,45.65999984741211,open,,,RSI2<= 10,,
TFC,2025-10-10,45.34000015258789,open,,,RSI2<= 10,,
TFC,2025-10-10,45.150001525878906,open,,,RSI2<= 10,,
TFC,2025-10-10,43.7599983215332,open,,,RSI2<= 10,,
TFC,2025-10-10,43.11000061035156,open,,,RSI2<= 10,,
TFC,2025-10-10,44.2599983215332,open,,,RSI2<= 10,,
TFC,2025-10-10,43.709999084472656,open,,,RSI2<= 10,,
TFC,2025-10-10,45.290000915527344,open,,,RSI2<= 10,,
TFC,2025-10-10,45.119998931884766,open,,,RSI2<= 10,,
TFC,2025-10-10,44.77999877929688,open,,,RSI2<= 10,,
TFC,2025-10-10,44.560001373291016,open,,,RSI2<= 10,,
TFC,2025-10-10,45.36000061035156,open,,,RSI2<= 10,,
TFC,2025-10-10,44.13999938964844,open,,,RSI2<= 10,,
TGT,2025-10-10,132.4499969482422,open,,,RSI2<= 10,,
TGT,2025-10-10,131.60000610351562,open,,,RSI2<= 10,,
TGT,2025-10-10,130.6999969482422,open,,,RSI2<= 10,,
TGT,2025-10-10,130.42999267578125,open,,,RSI2<= 10,,
TGT,2025-10-10,133.25,open,,,RSI2<= 10,,
TGT,2025-10-10,134.16000366210938,open,,,RSI2<= 10,,
TGT,2025-10-10,131.35000610351562,open,,,RSI2<= 10,,
TGT,2025-10-10,131.27999877929688,open,,,RSI2<= 10,,
TGT,2025-10-10,124.2699966430664,open,,,RSI2<= 10,,
TGT,2025-10-10,117.13999938964844,open,,,RSI2<= 10,,
TGT,2025-10-10,116.55999755859376,open,,,RSI2<= 10,,
TGT,2025-10-10,114.0500030517578,open,,,RSI2<= 10,,
TJX,2025-10-10,129.5800018310547,open,,,RSI2<= 10,,
TJX,2025-10-10,141.3300018310547,open,,,RSI2<= 10,,
TJX,2025-10-10,138.55999755859375,open,,,RSI2<= 10,,
TSCO,2025-10-10,55.30400085449219,open,,,RSI2<= 10,,
TSCO,2025-10-10,55.04199981689453,open,,,RSI2<= 10,,
TSCO,2025-10-10,56.060001373291016,open,,,RSI2<= 10,,
TSCO,2025-10-10,56.95000076293945,open,,,RSI2<= 10,,
TSCO,2025-10-10,60.13999938964844,open,,,RSI2<= 10,,
TSCO,2025-10-10,59.08000183105469,open,,,RSI2<= 10,,
TSCO,2025-10-10,58.45000076293945,open,,,RSI2<= 10,,
TSCO,2025-10-10,56.41999816894531,open,,,RSI2<= 10,,
TSLA,2025-10-10,403.8399963378906,open,,,RSI2<= 10,,
TSLA,2025-10-10,379.2799987792969,open,,,RSI2<= 10,,
TSLA,2025-10-10,397.1499938964844,open,,,RSI2<= 10,,
TSLA,2025-10-10,389.1000061035156,open,,,RSI2<= 10,,
TSLA,2025-10-10,361.6199951171875,open,,,RSI2<= 10,,
TSLA,2025-10-10,350.7300109863281,open,,,RSI2<= 10,,
TTD,2025-10-10,121.66999816894533,open,,,RSI2<= 10,,
TTD,2025-10-10,117.52999877929688,open,,,RSI2<= 10,,
TTD,2025-10-10,116.76000213623048,open,,,RSI2<= 10,,
TTD,2025-10-10,113.54000091552734,open,,,RSI2<= 10,,
TTD,2025-10-10,81.91999816894531,open,,,RSI2<= 10,,
TTD,2025-10-10,80.16000366210938,open,,,RSI2<= 10,,
TTD,2025-10-10,80.02999877929688,open,,,RSI2<= 10,,
TTD,2025-10-10,76.75,open,,,RSI2<= 10,,
TTD,2025-10-10,75.7300033569336,open,,,RSI2<= 10,,
TXN,2025-10-10,189.4600067138672,open,,,RSI2<= 10,,
TXN,2025-10-10,188.1199951171875,open,,,RSI2<= 10,,
TXN,2025-10-10,186.9499969482422,open,,,RSI2<= 10,,
TXN,2025-10-10,191.3000030517578,open,,,RSI2<= 10,,
TXN,2025-10-10,214.57000732421875,open,,,RSI2<= 10,,
TXN,2025-10-10,202.47999572753903,open,,,RSI2<= 10,,
TXN,2025-10-10,199.80999755859372,open,,,RSI2<= 10,,
TXN,2025-10-10,195.7400054931641,open,,,RSI2<= 10,,
TXN,2025-10-10,187.2899932861328,open,,,RSI2<= 10,,
UAL,2025-10-10,95.4800033569336,open,,,RSI2<= 10,,
UAL,2025-10-10,94.98999786376952,open,,,RSI2<= 10,,
UAL,2025-10-10,91.47000122070312,open,,,RSI2<= 10,,
UAL,2025-10-10,97.0999984741211,open,,,RSI2<= 10,,
UAL,2025-10-10,95.43000030517578,open,,,RSI2<= 10,,
UAL,2025-10-10,103.30999755859376,open,,,RSI2<= 10,,
UAL,2025-10-10,97.19000244140624,open,,,RSI2<= 10,,
UAL,2025-10-10,101.38999938964844,open,,,RSI2<= 10,,
UAL,2025-10-10,99.1500015258789,open,,,RSI2<= 10,,
UAL,2025-10-10,97.91000366210938,open,,,RSI2<= 10,,
UAL,2025-10-10,93.1500015258789,open,,,RSI2<= 10,,
UBER,2025-10-10,88.0,open,,,RSI2<= 10,,
UBER,2025-10-10,87.75,open,,,RSI2<= 10,,
UBER,2025-10-10,84.30000305175781,open,,,RSI2<= 10,,
UBER,2025-10-10,84.16000366210938,open,,,RSI2<= 10,,
UBER,2025-10-10,83.63999938964844,open,,,RSI2<= 10,,
UBER,2025-10-10,82.52999877929688,open,,,RSI2<= 10,,
UBER,2025-10-10,83.93000030517578,open,,,RSI2<= 10,,
UBER,2025-10-10,93.88999938964844,open,,,RSI2<= 10,,
UBER,2025-10-10,92.20999908447266,open,,,RSI2<= 10,,
UBER,2025-10-10,90.75,open,,,RSI2<= 10,,
UBER,2025-10-10,90.5,open,,,RSI2<= 10,,
UBER,2025-10-10,87.11000061035156,open,,,RSI2<= 10,,
UBER,2025-10-10,91.9800033569336,open,,,RSI2<= 10,,
UBER,2025-10-10,90.98999786376952,open,,,RSI2<= 10,,
UNH,2025-10-10,498.5,open,,,RSI2<= 10,,
UNH,2025-10-10,485.5199890136719,open,,,RSI2<= 10,,
UNH,2025-10-10,510.5899963378906,open,,,RSI2<= 10,,
UNH,2025-10-10,509.760009765625,open,,,RSI2<= 10,,
UNH,2025-10-10,530.0399780273438,open,,,RSI2<= 10,,
UNH,2025-10-10,527.030029296875,open,,,RSI2<= 10,,
UNH,2025-10-10,500.7300109863281,open,,,RSI2<= 10,,
UNH,2025-10-10,466.4200134277344,open,,,RSI2<= 10,,
UNH,2025-10-10,461.5199890136719,open,,,RSI2<= 10,,
UNH,2025-10-10,454.1099853515625,open,,,RSI2<= 10,,
UNH,2025-10-10,425.3299865722656,open,,,RSI2<= 10,,
UNH,2025-10-10,427.1799926757813,open,,,RSI2<= 10,,
UNH,2025-10-10,427.9599914550781,open,,,RSI2<= 10,,
UNH,2025-10-10,424.25,open,,,RSI2<= 10,,
UNH,2025-10-10,418.6400146484375,open,,,RSI2<= 10,,
UNH,2025-10-10,409.2300109863281,open,,,RSI2<= 10,,
UPS,2025-10-10,128.5500030517578,open,,,RSI2<= 10,,
UPS,2025-10-10,127.31999969482422,open,,,RSI2<= 10,,
UPS,2025-10-10,123.81999969482422,open,,,RSI2<= 10,,
UPS,2025-10-10,122.6500015258789,open,,,RSI2<= 10,,
UPS,2025-10-10,114.9000015258789,open,,,RSI2<= 10,,
UPS,2025-10-10,114.2300033569336,open,,,RSI2<= 10,,
UPS,2025-10-10,111.29000091552734,open,,,RSI2<= 10,,
UPS,2025-10-10,115.26000213623048,open,,,RSI2<= 10,,
UPS,2025-10-10,115.2300033569336,open,,,RSI2<= 10,,
UPS,2025-10-10,115.0999984741211,open,,,RSI2<= 10,,
UPS,2025-10-10,109.9499969482422,open,,,RSI2<= 10,,
USB,2025-10-10,51.36000061035156,open,,,RSI2<= 10,,
USB,2025-10-10,49.97999954223633,open,,,RSI2<= 10,,
USB,2025-10-10,47.61000061035156,open,,,RSI2<= 10,,
USB,2025-10-10,47.40999984741211,open,,,RSI2<= 10,,
USB,2025-10-10,47.83000183105469,open,,,RSI2<= 10,,
USB,2025-10-10,47.380001068115234,open,,,RSI2<= 10,,
USB,2025-10-10,46.869998931884766,open,,,RSI2<= 10,,
USB,2025-10-10,45.869998931884766,open,,,RSI2<= 10,,
USB,2025-10-10,45.61000061035156,open,,,RSI2<= 10,,
USB,2025-10-10,45.68999862670898,open,,,RSI2<= 10,,
USB,2025-10-10,45.68000030517578,open,,,RSI2<= 10,,
USB,2025-10-10,47.880001068115234,open,,,RSI2<= 10,,
USB,2025-10-10,47.5,open,,,RSI2<= 10,,
USB,2025-10-10,46.9900016784668,open,,,RSI2<= 10,,
V,2025-10-10,348.5299987792969,open,,,RSI2<= 10,,
V,2025-10-10,344.1600036621094,open,,,RSI2<= 10,,
V,2025-10-10,353.5400085449219,open,,,RSI2<= 10,,
V,2025-10-10,352.8500061035156,open,,,RSI2<= 10,,
V,2025-10-10,347.92999267578125,open,,,RSI2<= 10,,
V,2025-10-10,345.4700012207031,open,,,RSI2<= 10,,
V,2025-10-10,343.2200012207031,open,,,RSI2<= 10,,
VICI,2025-10-10,32.02000045776367,open,,,RSI2<= 10,,
VICI,2025-10-10,32.4900016784668,open,,,RSI2<= 10,,
VICI,2025-10-10,32.20000076293945,open,,,RSI2<= 10,,
VICI,2025-10-10,32.63999938964844,open,,,RSI2<= 10,,
VICI,2025-10-10,32.599998474121094,open,,,RSI2<= 10,,
VICI,2025-10-10,32.119998931884766,open,,,RSI2<= 10,,
VICI,2025-10-10,31.84000015258789,open,,,RSI2<= 10,,
VICI,2025-10-10,32.2400016784668,open,,,RSI2<= 10,,
VICI,2025-10-10,31.989999771118164,open,,,RSI2<= 10,,
VTRS,2025-10-10,12.130000114440918,open,,,RSI2<= 10,,
VTRS,2025-10-10,11.949999809265137,open,,,RSI2<= 10,,
VTRS,2025-10-10,11.670000076293944,open,,,RSI2<= 10,,
VTRS,2025-10-10,11.390000343322754,open,,,RSI2<= 10,,
VTRS,2025-10-10,11.34000015258789,open,,,RSI2<= 10,,
VTRS,2025-10-10,11.300000190734863,open,,,RSI2<= 10,,
VTRS,2025-10-10,11.140000343322754,open,,,RSI2<= 10,,
VTRS,2025-10-10,11.140000343322754,open,,,RSI2<= 10,,
VTRS,2025-10-10,10.890000343322754,open,,,RSI2<= 10,,
VTRS,2025-10-10,10.729999542236328,open,,,RSI2<= 10,,
VTRS,2025-10-10,10.619999885559082,open,,,RSI2<= 10,,
VTRS,2025-10-10,10.609999656677246,open,,,RSI2<= 10,,
VTRS,2025-10-10,10.600000381469728,open,,,RSI2<= 10,,
VTRS,2025-10-10,10.40999984741211,open,,,RSI2<= 10,,
VTRS,2025-10-10,10.329999923706056,open,,,RSI2<= 10,,
VTRS,2025-10-10,10.239999771118164,open,,,RSI2<= 10,,
VTRS,2025-10-10,10.170000076293944,open,,,RSI2<= 10,,
VTRS,2025-10-10,9.960000038146973,open,,,RSI2<= 10,,
VZ,2025-10-10,43.0,open,,,RSI2<= 10,,
VZ,2025-10-10,42.650001525878906,open,,,RSI2<= 10,,
VZ,2025-10-10,43.959999084472656,open,,,RSI2<= 10,,
WBD,2025-10-10,11.600000381469728,open,,,RSI2<= 10,,
WBD,2025-10-10,11.350000381469728,open,,,RSI2<= 10,,
WBD,2025-10-10,12.800000190734863,open,,,RSI2<= 10,,
WBD,2025-10-10,12.720000267028809,open,,,RSI2<= 10,,
WBD,2025-10-10,11.859999656677246,open,,,RSI2<= 10,,
WBD,2025-10-10,18.86000061035156,open,,,RSI2<= 10,,
WBD,2025-10-10,17.889999389648438,open,,,RSI2<= 10,,
WBD,2025-10-10,17.670000076293945,open,,,RSI2<= 10,,
WFC,2025-10-10,77.5,open,,,RSI2<= 10,,
WFC,2025-10-10,77.22000122070312,open,,,RSI2<= 10,,
WFC,2025-10-10,76.0,open,,,RSI2<= 10,,
WFC,2025-10-10,81.77999877929688,open,,,RSI2<= 10,,
WFC,2025-10-10,80.62999725341797,open,,,RSI2<= 10,,
WFC,2025-10-10,77.77999877929688,open,,,RSI2<= 10,,
WFC,2025-10-10,77.58000183105469,open,,,RSI2<= 10,,
WFC,2025-10-10,77.05000305175781,open,,,RSI2<= 10,,
WFC,2025-10-10,80.87000274658203,open,,,RSI2<= 10,,
WFC,2025-10-10,80.5,open,,,RSI2<= 10,,
WMB,2025-10-10,58.959999084472656,open,,,RSI2<= 10,,
WMB,2025-10-10,58.5,open,,,RSI2<= 10,,
WMB,2025-10-10,58.720001220703125,open,,,RSI2<= 10,,
WMT,2025-10-10,97.20999908447266,open,,,RSI2<= 10,,
WMT,2025-10-10,96.72000122070312,open,,,RSI2<= 10,,
WMT,2025-10-10,97.47000122070312,open,,,RSI2<= 10,,
WMT,2025-10-10,97.4499969482422,open,,,RSI2<= 10,,
WMT,2025-10-10,97.31999969482422,open,,,RSI2<= 10,,
WMT,2025-10-10,100.98999786376952,open,,,RSI2<= 10,,
WMT,2025-10-10,100.8499984741211,open,,,RSI2<= 10,,
WMT,2025-10-10,100.0,open,,,RSI2<= 10,,
WMT,2025-10-10,101.95999908447266,open,,,RSI2<= 10,,
WMT,2025-10-10,101.6999969482422,open,,,RSI2<= 10,,
XOM,2025-10-10,112.43000030517578,open,,,RSI2<= 10,,
XOM,2025-10-10,111.66000366210938,open,,,RSI2<= 10,,
XOM,2025-10-10,111.29000091552734,open,,,RSI2<= 10,,
XYZ,2025-10-10,93.77999877929688,open,,,RSI2<= 10,,
XYZ,2025-10-10,94.5500030517578,open,,,RSI2<= 10,,
XYZ,2025-10-10,87.30000305175781,open,,,RSI2<= 10,,
XYZ,2025-10-10,84.98999786376953,open,,,RSI2<= 10,,
XYZ,2025-10-10,82.54000091552734,open,,,RSI2<= 10,,
XYZ,2025-10-10,82.01000213623047,open,,,RSI2<= 10,,
XYZ,2025-10-10,86.0,open,,,RSI2<= 10,,
XYZ,2025-10-10,85.31999969482422,open,,,RSI2<= 10,,
XYZ,2025-10-10,84.8499984741211,open,,,RSI2<= 10,,
XYZ,2025-10-10,82.58999633789062,open,,,RSI2<= 10,,
XYZ,2025-10-10,77.26000213623047,open,,,RSI2<= 10,,
XYZ,2025-10-10,74.02999877929688,open,,,RSI2<= 10,,
XYZ,2025-10-10,75.79000091552734,open,,,RSI2<= 10,,
XYZ,2025-10-10,75.75,open,,,RSI2<= 10,,
XYZ,2025-10-10,74.94000244140625,open,,,RSI2<= 10,,
XYZ,2025-10-10,73.75,open,,,RSI2<= 10,,
XYZ,2025-10-10,73.68000030517578,open,,,RSI2<= 10,,
XYZ,2025-10-10,73.66999816894531,open,,,RSI2<= 10,,
